method,t1,t2,r,x,n_peak,a_sum,a_ss,g_sum,g_ss,v_sum,v_ss,rhits
norm,5,10,ALL,2,22316361,10777525.050000284,889577394.5075015,345295.749999901,525216029.1937501,75293073.5,778715666.25,9208337
norm,5,10,1.5,2,2220470,1086664.0250000304,195512628.98937455,65073.724999992985,46015430.26187498,5816473.5,62123547.75,908225
norm,5,10,ALL,5,22311051,17768732.20000024,2051195635.9662454,724412.4249998725,1190487230.585625,75238705.19999991,666787149.28,9776668
norm,5,10,1.5,5,2220222,1701403.5000000307,334702796.8512496,76025.59999998988,108448329.18124966,5408970.6000000015,43433593.71999997,982773
norm,5,10,ALL,10,22302201,25855522.850000188,3367750154.783744,852552.8749998494,1920634267.4306254,75153377.3,610794829.9300002,10021075
norm,5,10,1.5,10,2219619,2399516.1000000257,487113355.06749964,85868.49999998625,221151313.39250025,5145817.3000000045,33891794.15000005,1008169
norm,5,10,ALL,20,22284501,37281721.75000014,5094250369.328746,849084.6249998334,2779772433.8281283,74991337.45000002,567280956.6974992,10189374
norm,5,10,1.5,20,2218424,3329022.8750000154,454480301.16687393,103258.02499998464,202585124.39687532,4963572.900000005,27881730.715000004,1023654
norm,5,10,ALL,40,22249101,53589791.05000015,8330159908.57125,845095.1749998163,4541685631.643122,74699251.37500009,529839576.7731251,10283208
norm,5,10,1.5,40,2215685,4734415.075000018,691463149.5068754,108503.47499998205,257567041.60187507,4842621.800000001,24047896.692500006,1035615
norm,5,10,ALL,80,22178301,76405053.60000013,13219782436.18375,835329.6499998175,7394035042.653754,74193804.14999995,494481615.6096878,10349589
norm,5,10,1.5,80,2210877,6731884.824999996,1163391609.721878,76820.77499998226,515860725.9318749,4750020.987500006,21353036.768593762,1046230
norm,5,10,ALL,120,22107501,93286719.99999997,16893728923.726252,844841.6249998095,9526353284.105623,73745448.50000001,475097689.4113893,10350368
norm,5,10,1.5,120,2204763,8179523.199999999,1417422972.4037507,68071.54999998178,608043220.5137495,4709542.29999999,20230024.501944426,1047227
norm,5,20,ALL,2,22298661,10757933.40000026,889535812.4149997,341415.799999901,525174924.7412506,75024231.5,768588458.75,9201213
norm,5,20,1.5,2,3664128,1949385.7750000495,362970508.89062524,111289.27499998934,151766052.96562523,13249342.5,162338234.25,1511963
norm,5,20,2.0,2,1112025,626829.5250000154,207357016.84562463,37179.07499999708,32916485.515625026,3859418.0,52401851.0,460300
norm,5,20,3.0,2,100605,49416.5000000012,10095727.35000001,2666.30000000002,49034.930000000495,204234.5,2952034.75,41263
norm,5,20,ALL,5,22293351,17734629.350000255,2051067843.4787502,718801.274999873,1190360747.448126,74979231.80000003,657906899.640001,9769181
norm,5,20,1.5,5,3663664,3069305.6000000467,691120861.0100005,115278.39999998303,348121246.6199998,12387350.000000007,120757856.40000005,1628431
norm,5,20,2.0,5,1111956,973104.3250000165,386494459.2006247,29368.97499999462,108648977.10062523,3457465.9999999995,35445420.80000002,500282
norm,5,20,3.0,5,100598,72667.05000000162,10119657.597500013,2090.149999999643,95166.23750000163,169424.59999999983,1698952.439999996,45527
norm,5,20,ALL,10,22284501,25806318.050000165,3367479637.058749,846759.7749998491,1920366642.3856251,74905201.50000006,602893201.2899995,10013179
norm,5,20,1.5,10,3662548,4346899.325000038,1048644934.6893753,101776.17499997764,591368740.1568744,11762344.699999996,98050581.18999991,1675682
norm,5,20,2.0,10,1111750,1331492.5000000102,492764146.8462502,17241.149999993617,222081972.35625044,3171730.7000000007,26334049.890000027,514591
norm,5,20,3.0,10,100590,97191.30000000093,10204992.009999987,2761.399999999614,164751.8200000015,146501.2999999999,1021195.99,46321
norm,5,20,ALL,20,22266801,37213161.6000001,5093710357.191242,843255.8749998342,2779238201.030634,74759788.0999999,560425288.5249999,10181143
norm,5,20,1.5,20,3660504,5991692.900000016,1019732501.9225011,128462.84999997528,547066658.4424984,11246555.999999996,81906254.94000013,1706114
norm,5,20,2.0,20,1111205,1766346.3250000137,396659807.628125,38261.72499999224,180054762.6681249,2948175.7999999993,20352432.955000002,522970
norm,5,20,3.0,20,100529,133403.7500000012,10359150.087500012,-296.65000000054897,10350401.677500023,131888.09999999995,685330.7349999999,46958
norm,5,20,ALL,40,22231401,53498015.90000012,8329102977.773751,838373.7249998172,4540640716.885609,74489687.85000005,524239684.530001,10274742
norm,5,20,1.5,40,3655281,8458877.825000012,1491470360.550625,153757.1249999715,708030176.9981253,10807810.125000007,69960383.29937498,1722964
norm,5,20,2.0,40,1109837,2483893.300000008,597578657.5912497,37517.39999999127,215832057.41875026,2770837.6500000027,16346157.493749982,527442
norm,5,20,3.0,40,100470,196386.30000000118,42601058.79999998,1282.899999999378,10620279.600000007,122114.3999999998,492554.37875000015,47134
norm,5,20,ALL,80,22160601,76291472.6500001,13218051881.826271,831822.1999998163,7392318306.95625,74014448.78750004,490415403.9567185,10341045
norm,5,20,1.5,80,3646477,11890125.550000012,2251886165.3812537,68253.6499999734,1175261387.308753,10411315.812499989,60516153.96421866,1739549
norm,5,20,2.0,80,1107831,3471442.6750000077,875589597.810624,16207.174999991299,392600408.6506254,2623752.0375000034,13455167.188281264,533021
norm,5,20,3.0,80,100315,273025.80000000075,59725851.72999992,1711.99999999903,11136364.409999996,114772.71250000005,370850.6017187494,47590
norm,5,20,ALL,120,22089801,93141026.6000001,16891087105.966242,838695.1249998091,9523737145.335623,73576400.47499995,471528637.90326476,10341995
norm,5,20,1.5,120,3634581,14440979.17500003,2741752063.8281198,41216.22499997074,1311299852.6256309,10223865.250000006,56385699.40416668,1739770
norm,5,20,2.0,120,1104550,4224765.6250000065,1110304284.5531228,12439.924999990862,406547075.2831243,2566227.366666672,12338613.766527792,533744
norm,5,20,3.0,120,100001,340895.1500000012,101729664.22749995,1299.4499999993682,11675544.527500024,112254.18333333348,330187.0608333335,47621
norm,5,40,ALL,2,22263261,10724014.85000026,889473902.4375018,335903.299999901,525113827.20624954,74596596.5,755411242.75,9186604
norm,5,40,1.5,2,4003378,2208682.7500000508,387792438.68624973,128181.84999998854,169571123.51875028,16472727.0,213409504.5,1659703
norm,5,40,2.0,2,1704438,990008.8750000219,281204568.2181258,57926.12499999555,80069497.31812476,7153330.0,101108618.5,708608
norm,5,40,3.0,2,363679,239900.2500000051,142374321.83750007,5177.149999999456,33495762.087499984,1529344.0,25519382.5,152629
norm,5,40,ALL,5,22257951,17675896.800000224,2050880305.0612473,710122.3249998735,1190175900.000628,74558034.99999999,645834924.2799999,9753869
norm,5,40,1.5,5,4002817,3492135.1500000525,771817943.0474992,135661.09999998318,375779964.1274997,15435028.799999999,162525280.80000028,1781327
norm,5,40,2.0,5,1704298,1531030.150000023,495457862.97125083,43481.849999993276,184357928.41125023,6505507.400000009,72457114.19999999,765943
norm,5,40,3.0,5,363666,366257.90000000526,249442782.66500023,-4492.600000000934,57231001.55499999,1316971.4000000001,16371138.040000005,166585
norm,5,40,ALL,10,22249101,25718791.100000154,3367053088.0462465,835805.2749998504,1919946374.555623,74493019.10000014,591608442.2099998,9997379
norm,5,40,1.5,10,4001436,4960231.350000035,1212877963.9937525,106142.59999997825,651346373.2537507,14623271.3,133515668.06999981,1837115
norm,5,40,2.0,10,1703950,2141833.50000002,738079559.9512509,22855.549999990864,335772284.49125016,6004045.7,56055781.68999996,790767
norm,5,40,3.0,10,363629,485489.82500000444,302830226.75312424,-10349.87500000174,87677439.25312492,1158792.499999999,11300203.209999988,170992
norm,5,40,ALL,20,22231401,37090142.15000013,5092808745.378752,831210.3249998338,2778347560.9581194,74366119.20000009,550282468.4950007,10164648
norm,5,40,1.5,20,3998854,6869303.275000029,1365019275.3568726,120674.77499997376,611288489.576876,13876324.59999999,111288819.41499986,1874058
norm,5,40,2.0,20,1703115,2895836.7750000106,752821881.8656257,36729.17499998913,289150061.66562474,5569514.6999999955,44267204.635000005,806082
norm,5,40,3.0,20,363453,617058.3500000029,259474366.28750002,-1913.3500000021259,68254502.18749994,1033681.6500000008,8118930.557499999,173702
norm,5,40,ALL,40,22196001,53335372.55000006,8327420281.341247,825537.1749998182,4538977981.033132,74127284.47500002,515737039.9031254,10257870
norm,5,40,1.5,40,3992834,9572970.050000016,1799846603.9474998,164498.99999996994,726439551.4400008,13168030.325000009,93632530.02062501,1892475
norm,5,40,2.0,40,1700878,4004141.425000015,980130772.5881239,45916.27499998738,334729867.96562445,5180406.374999998,35500199.29062501,812904
norm,5,40,3.0,40,363188,852847.3000000024,362132662.51000035,-9132.400000002119,101049299.99999997,932228.1749999992,6038992.225625001,174920
norm,5,40,ALL,80,22125201,76084021.80000004,13215303670.808762,822883.1499998175,7389609054.218757,73696809.63749991,484000698.91078216,10324005
norm,5,40,1.5,80,3983046,13365078.175000003,2723198439.6281233,99396.92499997179,1382648929.0856254,12483524.562500004,78910167.29484378,1906305
norm,5,40,2.0,80,1697633,5528288.900000006,1372622240.7112498,-10968.500000012078,605587272.20125,4825722.000000008,28632763.767187525,819537
norm,5,40,3.0,80,362649,1145280.100000001,430398365.97499937,-19737.10000000235,154014097.73500007,848078.5875000001,4595538.330468752,177056
norm,5,40,ALL,120,22054401,92871590.55000015,16886673650.913754,827026.5749998093,9519385502.11311,73259035.6999999,465235900.9630556,10325132
norm,5,40,1.5,120,3967813,16223516.200000035,3244560090.7937517,38321.04999996848,1546852765.918749,12202418.341666654,73045660.30215275,1906959
norm,5,40,2.0,120,1691613,6720324.950000007,1674699454.3862512,-33780.40000001314,618552734.99625,4693606.525000009,26105692.56881949,820759
norm,5,40,3.0,120,361479,1379857.600000003,492949716.6249999,-24219.400000002446,162593353.76499996,818575.5249999992,4094733.7335416647,177392
norm,10,20,ALL,2,22298661,10757933.40000026,889535812.4149997,231039.22499991852,564885306.7393742,75024231.5,768588458.75,9379355
norm,10,20,1.5,2,1404374,742715.4500000171,261975836.84125048,2734.6499999961015,133007224.21124996,4050370.5,48479390.75,594361
norm,10,20,ALL,5,22293351,17734629.350000255,2051067843.4787502,514876.8249998895,1301365223.6956282,74979231.80000003,657906899.640001,9963598
norm,10,20,1.5,5,1404257,1150458.025000018,392845916.44062483,6372.624999993729,197103082.66812497,3770061.5999999954,34915260.96,637573
norm,10,20,ALL,10,22284501,25806318.050000165,3367479637.058749,641928.1749998649,2119735328.5006254,74905201.50000006,602893201.2899995,10224431
norm,10,20,1.5,10,1404007,1572185.1250000137,425926472.1681248,-5855.00000000804,275663705.185,3552724.599999995,27282822.520000014,654934
norm,10,20,ALL,20,22266801,37213161.6000001,5093710357.191242,618207.0249998433,3064394989.940633,74759788.0999999,560425288.5249999,10405488
norm,10,20,1.5,20,1403326,2149564.8000000133,409871538.68500066,15822.399999991076,238102837.5550001,3367818.8499999987,21925066.747499954,666048
norm,10,20,ALL,40,22231401,53498015.90000012,8329102977.773751,540708.9499998261,4878397482.78748,74489687.85000005,524239684.530001,10510495
norm,10,20,1.5,40,1401798,3037939.5250000153,628588198.1856241,12976.274999989764,291399021.3756257,3200387.6500000036,17969286.233750004,671898
norm,10,20,ALL,80,22160601,76291472.6500001,13218051881.826271,386746.0249998241,7780643637.325632,74014448.78750004,490415403.9567185,10586884
norm,10,20,1.5,80,1399297,4251982.500000011,922630570.7900008,-47773.00000001183,428257256.98999995,3047812.9125000024,14894071.77296876,678987
norm,10,20,ALL,120,22089801,93141026.6000001,16891087105.966242,348257.94999981485,9990920315.26372,73576400.47499995,471528637.90326476,10582880
norm,10,20,1.5,120,1395196,5181773.625000005,1147562053.3281302,-50255.02500001157,402916140.0281255,2995200.3583333343,13779596.086458333,679854
norm,10,40,ALL,2,22263261,10724014.85000026,889473902.4375018,227188.37499991874,564824017.6918756,74596596.5,755411242.75,9364169
norm,10,40,1.5,2,3023513,1645908.500000038,348338805.8387504,38433.399999993315,157244496.51624992,12034778.0,155053327.0,1284151
norm,10,40,2.0,2,733283,440004.5250000088,195027177.4956254,-256.6250000013906,77827136.575625,2992991.5,43847332.75,314487
norm,10,40,3.0,2,26498,12538.90000000023,12431.075000000124,89.7000000000071,12277.945000000123,77015.5,1461923.75,11251
norm,10,40,ALL,5,22257951,17675896.800000224,2050880305.0612473,508096.57499989023,1301179324.1681263,74558034.99999999,645834924.2799999,9948013
norm,10,40,1.5,5,3023168,2608331.250000035,627388388.5687522,46705.09999998974,297928294.2662504,11369719.79999998,119497225.8000001,1369948
norm,10,40,2.0,5,733244,674432.8250000108,302321569.2706248,-6832.925000002459,111835289.67062515,2731793.799999997,31393936.03999998,336486
norm,10,40,3.0,5,26498,18665.950000000215,25330.797500000066,0.7499999998963176,25036.36750000005,65144.60000000005,878843.4800000002,12193
norm,10,40,ALL,10,22249101,25718791.100000154,3367053088.0462465,632022.8249998651,2119312126.9081254,74493019.10000014,591608442.2099998,10208411
norm,10,40,1.5,10,3022480,3693964.2000000277,921227448.1799995,42104.924999984476,452313255.98437494,10801313.399999995,98494378.69999982,1413094
norm,10,40,2.0,10,733148,923281.3500000102,386214026.5312502,-19386.575000003395,172777077.57812527,2512598.6999999983,23972135.810000017,346523
norm,10,40,3.0,10,26497,27842.02500000032,8365511.898124995,123.99999999975535,44232.0250000005,56943.999999999985,592480.9399999998,12437
norm,10,40,ALL,20,22231401,37090142.15000013,5092808745.378752,608747.3749998449,3063501891.638126,74366119.20000009,550282468.4950007,10388548
norm,10,40,1.5,20,3020801,5127542.050000023,1101492450.333752,66666.64999998333,389289399.07374954,10240654.000000002,81823504.175,1444550
norm,10,40,2.0,20,732795,1233936.5000000077,403858530.4250002,-11554.30000000426,150702089.67500022,2314547.749999996,18682899.36749998,354037
norm,10,40,3.0,20,26487,34922.100000000355,85710.00500000085,81.79999999963366,84662.51500000083,50822.30000000003,426642.85000000003,12720
norm,10,40,ALL,40,22196001,53335372.55000006,8327420281.341247,531466.8499998277,4876730945.157513,74127284.47500002,515737039.9031254,10493175
norm,10,40,1.5,40,3016971,7149520.900000013,1538084982.1662483,45856.29999997956,556974452.9662503,9657237.474999998,67979942.586875,1457515
norm,10,40,2.0,40,732299,1690127.350000002,511275433.92250025,-20052.45000000483,201627455.42249984,2122078.2750000004,14559083.384374991,356023
norm,10,40,3.0,40,26483,71413.50000000028,66683784.015000045,1519.8999999998578,155713.0150000013,45408.37499999997,301914.7418749995,12520
norm,10,40,ALL,80,22125201,76084021.80000004,13215303670.808762,382977.27499982406,7777920972.888137,73696809.63749991,484000698.91078216,10569421
norm,10,40,1.5,80,3010974,9907143.000000022,2212490866.25375,-57736.550000022515,1084974970.1837478,9074425.424999988,56058000.1653125,1470300
norm,10,40,2.0,80,731217,2287364.0000000047,611690614.4499998,-46750.20000000489,309852424.2699992,1944661.0124999958,11350401.856718749,360238
norm,10,40,3.0,80,26455,95702.00000000016,83474201.99499992,629.2999999995773,302224.26500000095,40513.07500000003,207630.1034374998,12851
norm,10,40,ALL,120,22054401,92871590.55000015,16886673650.913754,339438.9999998143,9986547107.81122,73259035.6999999,465235900.9630556,10565895
norm,10,40,1.5,120,2999489,12087217.82500001,2734174238.4468746,-169917.82500002277,1207541938.644376,8868984.666666672,51828691.6068056,1472093
norm,10,40,2.0,120,728811,2815884.3250000016,830885024.6681247,-68311.32500000512,306352758.9881246,1887366.5083333324,10282119.48479167,361196
norm,10,40,3.0,120,26346,109080.65000000024,83640899.10749994,963.5499999997855,443701.417500001,38865.124999999985,179602.78604166667,12735
norm,10,80,ALL,2,22192461,10664864.150000261,889373809.6675017,222985.02499991882,564724925.9443756,73934435.0,738897915.5,9333329
norm,10,80,1.5,2,3521737,1970156.4750000455,387535166.82687503,44263.349999992,208205278.22374997,15698176.0,209376559.5,1501870
norm,10,80,2.0,2,1308952,771274.0000000169,230750179.0037502,12106.549999997027,69804929.69375008,6277340.5,93158279.25,563099
norm,10,80,3.0,2,200578,158153.9750000023,152728789.4381247,-15066.075000000461,45158691.89812508,1051598.0,18638803.0,88081
norm,10,80,ALL,5,22187151,17577493.750000242,2050600094.6637514,500936.5249998896,1300901746.8606222,73904567.59999987,630872715.0399997,9915845
norm,10,80,1.5,5,3521198,3143969.100000045,763200713.9612497,49056.59999998748,385998827.5587496,14893259.00000001,164639597.95999992,1597344
norm,10,80,2.0,5,1308856,1221604.350000018,444733234.87375075,3431.749999995456,122659708.24375002,5821876.199999997,70108657.80000001,600037
norm,10,80,3.0,5,200569,237910.12500000297,234706963.87562498,-25472.325000000797,78815024.2356249,935966.9999999997,12853072.279999994,93792
norm,10,80,ALL,10,22178301,25578167.150000177,3366478114.573748,621698.124999865,2118742093.4781237,73852841.30000006,577729766.77,10175227
norm,10,80,1.5,10,3520190,4466611.02500003,1165246673.1393745,36672.19999998245,523303937.58375,14160375.200000018,137542800.04000005,1648769
norm,10,80,2.0,10,1308649,1703241.6250000137,609464902.3093754,-10181.250000006512,184428479.2037502,5413732.200000002,55916931.88000003,619739
norm,10,80,3.0,10,200558,324613.3000000022,318159841.1187504,-43402.225000000624,139186341.03562525,839271.2999999999,9401127.330000006,96354
norm,10,80,ALL,20,22160601,36891956.400000066,5091644729.911258,595125.5249998437,3062348182.3206215,73747735.89999987,537658649.825,10354450
norm,10,80,1.5,20,3518008,6160760.450000023,1353127615.056249,35328.99999997975,512643546.89625025,13364722.900000013,114645836.84999986,1687197
norm,10,80,2.0,20,1308059,2328121.850000015,748152813.9337503,-7946.250000007416,162174607.91375008,4999446.600000004,44560488.049999945,633887
norm,10,80,3.0,20,200487,420012.7000000021,361448975.38499963,-39959.80000000092,124359750.13499998,751204.65,6996162.137499998,98197
norm,10,80,ALL,40,22125201,53062936.499999985,8325189889.088753,522040.19999982713,4874519476.734997,73545217.90000005,504790553.2699998,10458406
norm,10,80,1.5,40,3513415,8527357.42500002,1907675986.1593757,13898.274999976342,684825272.8093749,12489131.725,94572209.19812492,1703711
norm,10,80,2.0,40,1306924,3230609.4750000094,1143562508.5531244,-19594.625000009386,314480923.9331253,4565579.949999999,35071856.29124997,637893
norm,10,80,3.0,40,200407,567996.550000002,470036705.4374999,-57250.95000000099,202791234.76750013,665494.7749999994,5156337.981874993,97748
norm,10,80,ALL,80,22054401,75664258.94999996,13210066305.216238,361519.9249998238,7772730952.525628,73104589.33750004,472975272.7176562,10535397
norm,10,80,1.5,80,3504612,11840934.75000002,2795752731.1637444,-36865.60000002498,1337180045.951249,11620673.749999998,77206124.89687492,1714655
norm,10,80,2.0,80,1304591,4328641.950000001,1296839705.851249,-40079.400000009635,555934742.22125,4156093.900000006,27282684.55593752,643818
norm,10,80,3.0,80,200095,730307.1499999999,515077898.8274998,-80999.55000000133,246108461.30750027,588787.1249999988,3795825.0865624966,99352
norm,10,80,ALL,120,21983601,92383869.80000013,16879603573.221272,327544.14999981667,9979546825.06876,72686142.25000007,455031366.4577784,10531686
norm,10,80,1.5,120,3488879,14476653.60000002,3378488253.4800005,-174387.20000002536,1479700579.1575027,11368972.425000008,71930777.29645824,1716815
norm,10,80,2.0,120,1299955,5359233.249999992,1750535449.933751,-82722.95000000998,586302127.9012496,4037134.1666666702,24975477.54041662,645286
norm,10,80,3.0,120,199465,866209.0500000009,550217353.6375,-85604.65000000135,231592582.17749953,564879.2666666657,3378871.610694445,100039
norm,20,40,ALL,2,22263261,10724014.85000026,889473902.4375018,108413.62499993597,564364280.0843743,74596596.5,755411242.75,9471291
norm,20,40,1.5,2,841053,458475.1000000092,165669203.5787501,-18717.7750000008,73847262.44562496,2894608.0,37851361.0,360748
norm,20,40,ALL,5,22257951,17675896.800000224,2050880305.0612473,273399.3749999096,1287631211.7181253,74558034.99999999,645834924.2799999,10052568
norm,20,40,1.5,5,840980,710450.8000000126,234569674.07874975,-24573.475000002218,107892396.01562485,2730913.000000002,28557707.07999999,383703
norm,20,40,ALL,10,22249101,25718791.100000154,3367053088.0462465,343803.52499988925,2170450719.4256296,74493019.10000014,591608442.2099998,10325183
norm,20,40,1.5,10,840845,1015714.4750000089,387302835.96437424,-37755.000000003005,158878619.5912498,2581120.8999999976,22996345.87000003,396546
norm,20,40,ALL,20,22231401,37090142.15000013,5092808745.378752,259358.87499986493,3194638166.5656204,74366119.20000009,550282468.4950007,10522586
norm,20,40,1.5,20,840498,1421229.0000000058,545856519.1437492,-35536.250000004664,158494143.54374987,2420196.249999998,18550867.117499966,405698
norm,20,40,ALL,40,22196001,53335372.55000006,8327420281.341247,271008.84999984846,5078334634.138751,74127284.47500002,515737039.9031254,10648956
norm,20,40,1.5,40,840087,1947333.2250000068,706004518.1481252,-56784.325000004865,265546218.39812508,2248784.974999998,14877089.690625008,409207
norm,20,40,ALL,80,22125201,76084021.80000004,13215303670.808762,-179108.05000015986,7993713015.688754,73696809.63749991,484000698.91078216,10734287
norm,20,40,1.5,80,838767,2609113.67500001,756035694.5656245,-90576.67500000584,314072963.8656243,2075328.750000001,11688407.282187497,414743
norm,20,40,ALL,120,22054401,92871590.55000015,16886673650.913754,-271838.7250001665,10355943178.245592,73259035.6999999,465235900.9630556,10734062
norm,20,40,1.5,120,836033,3189974.3250000053,904856026.1831247,-125423.77500000561,321344543.3906249,2032158.3083333357,10802228.345347213,417196
norm,20,80,ALL,2,22192461,10664864.150000261,889373809.6675017,105839.82499993626,564264807.1843743,73934435.0,738897915.5,9439468
norm,20,80,1.5,2,2519381,1382009.6000000334,270748273.5325001,-6242.825000003926,109801065.14937486,11081551.5,147025560.75,1088438
norm,20,80,2.0,2,474808,312728.3500000055,197918124.30999988,-23098.675000000614,73706811.81687503,2332083.5,35587409.25,206963
norm,20,80,3.0,2,5679,14555.400000000007,34998002.96500005,-5850.0000000000255,16644578.955,26380.5,600568.25,2436
norm,20,80,ALL,5,22187151,17577493.750000242,2050600094.6637514,268368.3249999102,1287352556.7806253,73904567.59999987,630872715.0399997,10019607
norm,20,80,1.5,5,2519100,2217697.650000031,535879734.06750065,-12690.825000006356,173638248.75437498,10610504.399999999,117171690.40000004,1152429
norm,20,80,2.0,5,474779,491638.5000000056,322532833.845,-36332.775000001166,117608103.73187502,2187251.5999999978,27160380.160000037,218760
norm,20,80,3.0,5,5679,13157.300000000048,26665754.42500001,-3052.2000000000908,8326115.845000004,23693.399999999994,417473.3199999999,2555
norm,20,80,ALL,10,22178301,25578167.150000177,3366478114.573748,336795.67499988945,2169879030.483125,73852841.30000006,577729766.77,10291211
norm,20,80,1.5,10,2518539,3179073.3000000296,882596761.7800007,-32319.27500001022,261971973.9368755,10143140.10000001,98695013.61000007,1191126
norm,20,80,2.0,10,474725,723884.9500000059,558321058.4325007,-59778.92500000181,186650808.91937488,2045496.400000002,21754800.700000018,226399
norm,20,80,3.0,10,5679,14773.85000000009,26687890.92250002,-3083.350000000074,8328065.632500005,21333.4,308479.1,2625
norm,20,80,ALL,20,22160601,36891956.400000066,5091644729.911258,250262.22499986435,3193481133.548129,73747735.89999987,537658649.825,10487739
norm,20,80,1.5,20,2517038,4413304.425000025,1156880988.1193743,-42148.9250000121,304025371.9093754,9587234.249999994,82561677.40749995,1220444
norm,20,80,2.0,20,474580,1012256.5000000055,799860455.4562502,-66581.75000000215,208894552.63625017,1883745.3999999973,17257349.640000004,231495
norm,20,80,3.0,20,5672,19857.85000000012,36692695.53250001,-6078.2500000000355,18354156.752500005,18826.199999999993,223715.3350000002,2708
norm,20,80,ALL,40,22125201,53062936.499999985,8325189889.088753,263908.39999984845,5076119697.246258,73545217.90000005,504790553.2699998,10613512
norm,20,80,1.5,40,2515075,6086362.500000016,1628008124.4412484,-48255.35000001475,559264123.5312498,8937492.175000004,67894331.33562511,1233430
norm,20,80,2.0,40,474418,1391365.2500000026,1125269987.0837464,-75487.40000000251,408116973.2437499,1710807.5750000007,13517616.419374999,233022
norm,20,80,3.0,40,5672,19294.35000000007,26618704.692500003,-5940.550000000026,18351177.792500004,16078.975000000006,151112.09312499996,2558
norm,20,80,ALL,80,22054401,75664258.94999996,13210066305.216238,-207979.70000015892,7988511988.056235,73104589.33750004,472975272.7176562,10700360
norm,20,80,1.5,80,2509799,8459838.125000004,2454710064.8668714,-86963.72500001642,1066792531.7968755,8277183.712499985,54830940.72265627,1244379
norm,20,80,2.0,80,473686,1739750.8500000057,1077622702.4237506,-101317.90000000299,475747328.6737494,1538504.4375000012,10306222.022656247,236271
norm,20,80,3.0,80,5665,22707.350000000006,26553096.962500002,-6262.8500000001,18328978.8525,13841.474999999999,103179.24968749992,2595
norm,20,80,ALL,120,21983601,92383869.80000013,16879603573.221272,-286248.4750001646,10348926489.54312,72686142.25000007,455031366.4577784,10699607
norm,20,80,1.5,120,2499722,10405511.07499999,3040686820.329376,-264907.17500001634,1257303984.786877,8136635.28333332,51623652.02930552,1249280
norm,20,80,2.0,120,472267,2206807.250000001,1510142846.1987493,-184395.40000000305,627436965.1687514,1495732.6333333335,9471777.023055559,239783
norm,20,80,3.0,120,5625,37862.30000000009,66798657.47,-7229.600000000046,18408879.079999983,13111.40833333334,92200.73451388892,2681
norm,20,160,ALL,2,22050861,10554737.900000278,889199782.0599998,98848.97499993647,564091878.4968746,72771015.0,712977234.0,9377415
norm,20,160,1.5,2,2997455,1645377.950000037,299805034.71124995,-19155.4750000051,168560546.6481248,13986757.0,187858312.5,1299889
norm,20,160,2.0,2,952482,565263.2500000108,193813795.96499997,-15533.775000001266,69594283.38187493,5042048.0,76298910.0,415496
norm,20,160,3.0,2,101860,102136.95000000094,140911047.67500016,-17739.974999999966,53429599.33187501,637373.0,11694507.5,44669
norm,20,160,ALL,5,22045551,17390097.150000267,2050090016.4787514,256246.22499991057,1286845914.9456244,72742899.80000006,607015699.48,9954912
norm,20,160,1.5,5,2996888,2635328.475000028,602460006.1018745,-33489.050000007985,329705091.1087499,13441490.399999982,151461942.00000036,1371612
norm,20,160,2.0,5,952373,889627.5000000123,322383254.35500056,-16803.075000001663,83757236.38187502,4775157.399999998,59948950.67999996,437798
norm,20,160,3.0,5,101848,155909.7000000007,213841747.1600001,-21142.374999999884,66950456.65687504,590125.4,8718565.399999987,46702
norm,20,160,ALL,10,22036701,25300556.000000123,3365366881.8512473,322158.8249998898,2168775493.4106207,72694570.80000006,554920156.9400009,10224055
norm,20,160,1.5,10,2995759,3797857.675000028,1044976249.8018746,-60338.75000001171,470005259.46875036,12886885.399999999,129145766.88000037,1416944
norm,20,160,2.0,10,952183,1316238.5500000112,638101827.8624986,-40091.4250000028,181059539.5993755,4508063.699999995,49495519.63,453673
norm,20,160,3.0,10,101832,251850.7000000012,399108903.60499936,-39898.57500000013,125519516.55187495,544710.900000001,6859670.090000004,48517
norm,20,160,ALL,20,22019001,36486115.50000012,5089275877.52625,236222.57499986567,3191128287.0406246,72596622.79999991,515800616.27500004,10417679
norm,20,160,1.5,20,2993057,5358044.225000014,1574241824.999376,-99955.22500001438,612845919.0568761,12203623.849999994,109154942.25750019,1453102
norm,20,160,2.0,20,951593,1847051.6750000108,935351756.4968743,-73629.27500000403,255886344.26687518,4188009.049999993,40207108.5325,465429
norm,20,160,3.0,20,101785,374965.70000000106,625253826.9362515,-66372.45000000071,197139307.84625015,492484.5999999998,5278207.820000005,49523
norm,20,160,ALL,40,21983601,52482401.800000034,8320189713.308752,247601.89999985078,5071155666.466254,72408604.12499999,484058259.7981251,10543789
norm,20,160,1.5,40,2988841,7452429.900000021,2282860212.8112497,-58833.00000001688,920610136.6312478,11408316.875000002,90812150.35187508,1469116
norm,20,160,2.0,40,950645,2566922.800000006,1376600168.5062516,-105374.5500000048,511375523.4962505,3831645.9999999977,32134491.507500004,470192
norm,20,160,3.0,40,101736,551661.3500000009,962257764.6987503,-93178.40000000036,427162260.86875,437445.05000000016,3974780.2312499983,50342
norm,20,160,ALL,80,21912801,74889944.35000002,13201210437.66625,-203017.30000015916,7979718408.696264,72059792.7625,455828168.5754681,10629947
norm,20,160,1.5,80,2979052,10369931.225000028,3191495107.9893785,-132310.8750000188,1240585195.1193733,10618771.275,75009131.12406251,1481556
norm,20,160,2.0,80,948436,3490069.5250000022,1781974641.9618733,-76282.82500000528,805075663.2618747,3483603.687499997,25347298.774218753,476139
norm,20,160,3.0,80,101585,583103.1500000003,827869327.2187486,-113019.80000000095,484315712.2087503,385031.3500000002,2961041.2946875026,50797
norm,20,160,ALL,120,21842001,91493189.04999991,16868336222.803743,-261802.3250001642,10337739021.615631,71698895.75000001,440139792.4415278,10628149
norm,20,160,1.5,120,2966381,12571419.325,3593063702.481874,-290817.32500001835,1466250749.3393724,10322770.258333337,69238549.34340273,1484634
norm,20,160,2.0,120,945331,4229626.400000008,2079238101.8112488,-184293.8000000047,995369171.4487482,3351717.9999999986,22930508.646527775,480392
norm,20,160,3.0,120,101244,726511.1999999986,1049392316.2462486,-131408.10000000076,495133020.9037503,363923.90833333286,2588156.975486111,52260
norm,30,60,ALL,2,22227861,10692972.100000268,889418934.7000016,51006.974999945785,568308070.9393761,74242882.5,746007167.75,9496673
norm,30,60,1.5,2,616941,370382.4000000068,204554503.6375004,-21179.47500000048,63707289.631875,2407391.0,32500572.5,267398
norm,30,60,ALL,5,22222551,17624230.30000028,2050726981.1212516,106960.07499992254,1385623915.225626,74208777.99999993,637284572.7200001,10068601
norm,30,60,1.5,5,616892,612310.5500000082,414128049.4225005,-34822.925000001,107673273.19937503,2290856.199999997,25282887.880000032,283571
norm,30,60,ALL,10,22213701,25644885.750000183,3366738501.378746,58857.22499990271,2306994192.408124,74150538.20000008,583653875.8799995,10351937
norm,30,60,1.5,10,616805,893183.1750000088,675133229.071875,-70753.87500000192,218425233.55187526,2175240.8000000007,20845836.040000025,292613
norm,30,60,ALL,20,22196001,36985941.25000008,5092163765.398762,142862.42499988052,3322943453.605624,74034981.34999995,543040697.9425011,10555606
norm,30,60,1.5,20,616643,1229622.1000000066,887061563.5262493,-78948.0500000035,250927182.15624988,2039394.3999999987,17045818.979999997,298599
norm,30,60,ALL,40,22160601,53193719.600000106,8326178621.563742,37470.24999986176,5336699533.773751,73818092.82500003,509567357.1068752,10694176
norm,30,60,1.5,40,616330,1642037.6000000078,1075149571.8562503,-91803.25000000323,384087923.9362497,1885916.2749999985,13695947.803124966,303196
norm,30,60,ALL,80,22089801,75873341.9500001,13212647845.316252,-516862.60000014486,8350343477.873747,73399434.81249999,478420198.3020312,10787322
norm,30,60,1.5,80,615170,2141298.8000000026,1152957758.3162503,-106797.15000000327,489549439.2062497,1721203.3375000001,10613335.992343731,306518
norm,30,60,ALL,120,22019001,92622376.5,16882954549.881258,-434903.90000014636,10616563281.073746,72964119.63333336,459821249.6323614,10780282
norm,30,60,1.5,120,613189,2683817.7500000033,1565726148.4587522,-162271.45000000333,534149583.9062513,1692484.908333334,9979106.020902775,310863
norm,30,120,ALL,2,22121661,10613152.200000241,889296389.0950003,48573.274999945934,568186119.0843767,73408342.5,728407919.25,9449099
norm,30,120,1.5,2,2188860,1212317.5500000257,307260948.635,-29445.875000003387,126217000.27687515,9965868.0,132191014.5,951435
norm,30,120,2.0,2,348107,251171.95000000412,211052355.66000003,-24187.67500000044,70195961.65187494,1866352.0,28411862.0,152044
norm,30,120,3.0,2,2395,31178.70000000002,90094310.52999997,-15031.399999999974,45052192.02000001,14772.5,346503.25,1003
norm,30,120,ALL,5,22116351,17490303.700000253,2050380908.976247,101585.07499992276,1385279499.7506232,73368888.99999996,620804323.8799996,10019300
norm,30,120,1.5,5,2188540,1957996.450000024,625496974.0125,-53098.92500000559,224747179.47937462,9611458.599999998,107053172.92000014,1002056
norm,30,120,2.0,5,348074,404487.250000004,364210594.8875002,-36931.72500000063,108855494.23437501,1770490.9999999993,22253298.119999986,160001
norm,30,120,3.0,5,2395,32654.099999999977,95180985.72999994,-18788.199999999983,58499349.920000024,13548.4,244445.03999999995,1046
norm,30,120,ALL,10,22107501,25446691.800000187,3365985663.1812453,49030.97499990348,2306244928.4406247,73304342.70000018,567512830.2099994,10301414
norm,30,120,1.5,10,2187984,2816589.7000000225,1011570517.5399983,-94223.47500000696,381691495.0468756,9235667.300000008,91328554.30999999,1034894
norm,30,120,2.0,10,348017,600194.3000000034,601412808.1000005,-75900.67500000107,225958110.34687495,1670449.499999996,18336580.549999986,165436
norm,30,120,3.0,10,2395,55031.899999999936,161980594.68999997,-34710.90000000002,108626555.42999998,12359.5,185714.88999999998,1077
norm,30,120,ALL,20,22089801,36690842.50000007,5090493997.901242,127849.82499988069,3321283068.2006245,73176619.89999998,526868960.6000004,10503919
norm,30,120,1.5,20,2186854,3908666.2750000153,1324169268.8493755,-62122.77500001029,461939584.44937444,8759455.7,77152033.13499992,1060851
norm,30,120,2.0,20,347924,851291.0500000042,878322082.9637508,-90520.00000000189,320288141.71375006,1551833.349999996,14930068.822499994,169123
norm,30,120,3.0,20,2395,52675.10000000001,151876112.55000004,-28424.399999999983,88525512.78000003,10987.199999999999,139396.52500000002,1127
norm,30,120,ALL,40,22054401,52763764.50000014,8322576251.933754,9237.74999986309,5333116964.72375,72942843.87499991,493188793.8631248,10643129
norm,30,120,1.5,40,2184529,5424029.250000014,1855816829.3837523,-52876.200000010744,804744857.5637501,8196704.200000009,64090906.51250003,1076896
norm,30,120,2.0,40,347734,1223339.0000000037,1366218146.2362485,-89281.55000000146,628688887.4262495,1418644.3749999986,11954065.380624993,171623
norm,30,120,3.0,40,2395,53584.000000000044,151730795.24,-38277.79999999998,118638946.70000005,9458.55,97069.79624999998,1127
norm,30,120,ALL,80,21983601,75260274.54999998,13205134675.97126,-547002.700000144,8342870749.858752,72536282.44999997,462895850.9025001,10736027
norm,30,120,1.5,80,2178626,7595849.975000013,2698909687.388126,-91392.92500001221,1123822576.8456247,7662189.4125,53128838.36390626,1089151
norm,30,120,2.0,80,347123,1505730.7000000014,1366933700.2562504,-78999.75000000205,737272718.7562509,1287294.4249999998,9396937.159062501,174444
norm,30,120,3.0,80,2395,55063.100000000006,151393591.79000002,-38540.40000000001,118598446.44000007,8288.312500000004,73040.81359374998,1188
norm,30,120,ALL,120,21912801,91929254.9000002,16873675232.766262,-442531.4000001463,10607334178.568733,72167691.11666667,446752725.434028,10728159
norm,30,120,1.5,120,2170473,9324217.375000024,3272048304.369374,-253748.1250000105,1436848208.656877,7518563.53333334,50065531.42819453,1095032
norm,30,120,2.0,120,346137,1932122.250000001,1932117470.6637523,-160338.45000000243,1001401070.7012504,1245415.6750000012,8618654.12409722,177862
norm,30,120,3.0,120,2395,78324.80000000005,221508076.47999996,-19747.60000000001,58510172.94000002,8069.474999999998,72809.75854166666,1221
norm,30,240,ALL,2,21909261,10461380.650000278,889071808.9174975,40972.97499994626,567962889.299374,71920013.0,699041041.0,9356188
norm,30,240,1.5,2,2769583,1544308.1750000294,377078051.5318751,-31825.05000000427,178973183.8637502,13296556.5,178628796.75,1207046
norm,30,240,2.0,2,815583,512104.5500000086,246981087.51124975,-28055.500000001186,110993025.25625013,4590535.0,69715502.0,357930
norm,30,240,3.0,2,72197,98731.55000000075,177627822.99125013,-21468.700000000095,61733524.406249955,500912.5,9108956.25,32074
norm,30,240,ALL,5,21903951,17235610.050000247,2049739630.218747,86979.77499992363,1384641833.2656224,71888819.60000005,594306808.5600001,9922570
norm,30,240,1.5,5,2768777,2501313.8500000304,780997782.1974992,-50993.725000006365,353141185.99437505,12871969.8,146131311.15999997,1270978
norm,30,240,2.0,5,815434,847455.4000000099,513887491.43624985,-42427.400000001944,223334865.09625,4397489.399999999,56108916.039999984,375941
norm,30,240,3.0,5,72188,163041.80000000025,305628311.45625025,-34564.90000000019,100197704.84624994,471223.3999999998,7065076.8400000045,33737
norm,30,240,ALL,10,21895101,25073801.150000192,3364626322.7637477,28443.724999903832,2304893144.4131284,71835242.59999992,542646611.579999,10201591
norm,30,240,1.5,10,2767448,3614228.1250000256,1287014032.3568754,-110181.67500000964,558153569.6043757,12411641.700000005,126214644.2899999,1313337
norm,30,240,2.0,10,815173,1255490.4750000094,876911885.0843734,-94728.12500000263,390745476.5443752,4189303.6999999946,47393891.81000011,388807
norm,30,240,3.0,10,72173,255921.77500000034,504091922.3231243,-69449.42500000037,202055648.99312487,439611.0,5677171.960000003,35060
norm,30,240,ALL,20,21877401,36148933.4500001,5087654507.15876,106293.6749998817,3318461264.1281295,71729823.59999996,503766899.3700001,10400609
norm,30,240,1.5,20,2765078,5130932.550000021,1985125173.3562477,-102086.15000001267,752666591.9337497,11814903.450000003,107988594.08749989,1346132
norm,30,240,2.0,20,814667,1728399.700000007,1134297950.0937512,-88042.30000000364,599458074.1537511,3926734.799999998,39480059.45000002,399825
norm,30,240,3.0,20,72144,333854.1250000006,614945578.6906252,-74987.57500000004,317000743.7906248,401874.50000000035,4478730.645000004,36049
norm,30,240,ALL,40,21842001,51993148.15000005,8316769618.541244,-581.1000001370012,5327345170.531259,71536457.77499993,472342445.76812536,10537766
norm,30,240,1.5,40,2760958,7047497.775000014,2538491741.883127,-68018.47500001393,1097573257.5431244,11089044.750000007,90707624.09124997,1366044
norm,30,240,2.0,40,813742,2356093.075000005,1542285596.1631234,-46341.62500000356,894314812.8531269,3612445.024999999,32050906.176874995,406365
norm,30,240,3.0,40,72089,469219.675000001,873197965.6081251,-78127.22500000047,622984667.9581244,360128.3000000003,3478637.6737500033,36542
norm,30,240,ALL,80,21771201,74207751.60000007,13194231263.638756,-513376.4500001447,8332031300.236256,71185385.65,444487835.7162507,10628914
norm,30,240,1.5,80,2750856,9770679.275000023,3427783706.469373,-132073.37500001432,1514016883.539377,10353214.975000009,75621334.37812507,1377172
norm,30,240,2.0,80,811791,3068505.5999999996,1660590860.0837512,-82147.80000000428,1052535992.4737496,3296347.3875,25580078.58171872,410700
norm,30,240,3.0,80,71977,494039.5750000008,785420896.9781255,-60726.82500000033,675558606.7581257,319511.0125000002,2660414.914843745,36664
norm,30,240,ALL,120,21700401,90681781.54999986,16858073305.938753,-399468.1500001456,10591819753.021248,70854996.7833334,429718652.3631947,10620155
norm,30,240,1.5,120,2739631,11921375.975000016,4146263920.4343705,-268905.07500001474,2015102880.5718715,10066752.874999989,70063803.36368068,1382896
norm,30,240,2.0,120,809519,3861603.3000000063,2358312024.288755,-165723.7000000042,1380279675.2462466,3171063.883333336,23248213.282083333,415132
norm,30,240,3.0,120,71784,665775.3749999994,1170948745.1281276,-32436.525000000456,694105233.0181237,303509.22499999974,2367931.418958332,37639
total,5,10,ALL,2,22316361,10777525.050000284,889577394.5075015,345295.749999901,525216029.1937501,75293073.5,778715666.25,9208337
total,5,10,0.3,2,18641369,9312806.550000226,821873978.2424994,364767.9499999207,488650562.80375093,68557586.0,739880655.0,7696194
total,5,10,0.5,2,10266801,5277971.450000128,572944328.5887502,256460.64999996295,308975465.29874986,38830205.0,440812431.5,4232982
total,5,10,0.7,2,3427068,1686682.0000000421,258976361.07999977,107169.69999998923,60961423.26250008,9832157.0,104929378.5,1403121
total,5,10,ALL,5,22311051,17768732.20000024,2051195635.9662454,724412.4249998725,1190487230.585625,75238705.19999991,666787149.28,9776668
total,5,10,0.3,5,18636820,15280446.725000236,1868187917.6331267,703112.449999899,1065820932.0449997,68141646.60000001,631084241.8800001,8164107
total,5,10,0.5,5,10264678,8560424.725000136,1289608169.7793756,386380.3499999499,712406413.6162492,37891386.39999998,361302645.4400002,4510007
total,5,10,0.7,5,3426655,2662746.775000049,472482283.03937536,122319.67499998421,180633456.70687523,9264954.199999994,76584440.11999997,1513602
total,5,10,ALL,10,22302201,25855522.850000188,3367750154.783744,852552.8749998494,1920634267.4306254,75153377.3,610794829.9300002,10021075
total,5,10,0.3,10,18628979,22196857.72500014,3061067612.350626,788433.5749998786,1755950640.5856252,67794255.90000002,575868778.5100006,8381385
total,5,10,0.5,10,10260008,12326369.825000085,2007661790.280623,407974.5249999374,1125037092.2131236,37204113.19999999,319479521.84000015,4636534
total,5,10,0.7,10,3425634,3780427.3750000396,715327196.138125,129453.22499997987,354125535.2831248,8895053.499999996,61906464.650000006,1553974
total,5,10,ALL,20,22284501,37281721.75000014,5094250369.328746,849084.6249998334,2779772433.8281283,74991337.45000002,567280956.6974992,10189374
total,5,10,0.3,20,18613579,31947949.90000005,4571436539.804989,787578.324999865,2534739144.8693767,67392000.70000002,532546921.12000024,8534476
total,5,10,0.5,20,10251452,17539590.20000008,2586416569.627497,407428.4999999307,1443788728.3925028,36591669.70000001,288043947.425,4725192
total,5,10,0.7,20,3423590,5265555.400000025,687454215.2575004,155639.8499999765,342145244.91499996,8626508.949999996,52219386.182500005,1579552
total,5,10,ALL,40,22249101,53589791.05000015,8330159908.57125,845095.1749998163,4541685631.643122,74699251.37500009,529839576.7731251,10283208
total,5,10,0.3,40,18582585,45928222.55000006,7619390762.911249,753883.2249998506,4164503956.070624,66883535.97499993,495052545.53437567,8620167
total,5,10,0.5,40,10234481,25142279.30000001,4263874026.977494,403067.1249999215,2233389197.086878,36025825.97500001,262659477.18562502,4776167
total,5,10,0.7,40,3419132,7489066.9250000175,1025229267.393125,149201.07499997373,489554079.7081249,8441255.22499999,45795289.234375,1597914
total,5,10,ALL,80,22178301,76405053.60000013,13219782436.18375,835329.6499998175,7394035042.653754,74193804.14999995,494481615.6096878,10349589
total,5,10,0.3,80,18520453,65319717.05000005,11697255504.466236,759248.3999998517,6740404454.5712595,66195366.262499966,459724808.055469,8678608
total,5,10,0.5,80,10201907,35666529.70000003,6527981193.834995,301017.34999992256,3578714750.652501,35438513.01249997,240546660.3660939,4812853
total,5,10,0.7,80,3411114,10651071.225000009,1745179605.0831263,92669.92499997323,877189373.6306244,8290855.549999991,41064951.72750004,1614574
total,5,10,ALL,120,22107501,93286719.99999997,16893728923.726252,844841.6249998095,9526353284.105623,73745448.50000001,475097689.4113893,10350368
total,5,10,0.3,120,18458880,79757842.80000003,14991744392.512478,733268.249999847,8742018127.867498,65674759.17499998,440510362.29118013,8680315
total,5,10,0.5,120,10167977,43467648.725000024,8271032366.153122,231063.17499991856,4583355797.915629,35052832.23333332,228848235.24124974,4813968
total,5,10,0.7,120,3401266,12962073.175000018,2199235716.959373,67431.22499997205,1008590628.1793742,8215324.658333343,38956887.685625024,1615367
total,5,20,ALL,2,22298661,10757933.40000026,889535812.4149997,341415.799999901,525174924.7412506,75024231.5,768588458.75,9201213
total,5,20,0.3,2,6770930,3553040.7250000886,488150060.1131249,183322.1749999785,231434635.59562543,25602731.0,302714477.0,2797361
total,5,20,0.5,2,1112025,626829.5250000154,207357016.84562463,37179.07499999708,32916485.515625026,3859418.0,52401851.0,460300
total,5,20,0.7,2,178710,99513.70000000203,46853302.8199999,8090.699999999888,8406851.109999994,420492.5,6165933.25,73517
total,5,20,ALL,5,22293351,17734629.350000255,2051067843.4787502,718801.274999873,1190360747.448126,74979231.80000003,657906899.640001,9769181
total,5,20,0.3,5,6769707,5694818.850000075,1047221463.1475011,230799.19999996928,538765797.0749997,24497203.000000015,238455372.84000003,2993188
total,5,20,0.5,5,1111956,973104.3250000165,386494459.2006247,29368.97499999462,108648977.10062523,3457465.9999999995,35445420.80000002,500282
total,5,20,0.7,5,178701,141268.6000000023,46895656.67499997,7009.999999999278,8492644.475000013,353852.4000000004,3573590.559999998,81019
total,5,20,ALL,10,22284501,25806318.050000165,3367479637.058749,846759.7749998491,1920366642.3856251,74905201.50000006,602893201.2899995,10013179
total,5,20,0.3,10,6766784,8154161.600000061,1650683716.4899998,220669.69999996023,934071599.6849977,23672243.900000025,203179454.04999992,3078287
total,5,20,0.5,10,1111750,1331492.5000000102,492764146.8462502,17241.149999993617,222081972.35625044,3171730.7000000007,26334049.890000027,514591
total,5,20,0.7,10,178684,186353.55000000208,47039384.10250005,8276.449999999135,8626029.562500007,308841.5,2259589.330000001,82828
total,5,20,ALL,20,22266801,37213161.6000001,5093710357.191242,843255.8749998342,2779238201.030634,74759788.0999999,560425288.5249999,10181143
total,5,20,0.3,20,6761912,11472643.675000018,1980639620.9618757,225832.79999995482,1048251787.3487501,22954675.199999984,176882841.89499965,3137107
total,5,20,0.5,20,1111205,1766346.3250000137,396659807.628125,38261.72499999224,180054762.6681249,2948175.7999999993,20352432.955000002,522970
total,5,20,0.7,20,178585,249218.85000000222,37261705.06749994,5449.949999998879,18937277.76750001,278924.7499999999,1569030.6525000005,84006
total,5,20,ALL,40,22231401,53498015.90000012,8329102977.773751,838373.7249998172,4540640716.885609,74489687.85000005,524239684.530001,10274742
total,5,20,0.3,40,6751006,16300887.07500002,3011418329.6718683,250996.52499994877,1562606995.176876,22297715.899999954,156072418.33624986,3168831
total,5,20,0.5,40,1109837,2483893.300000008,597578657.5912497,37517.39999999127,215832057.41875026,2770837.6500000027,16346157.493749982,527442
total,5,20,0.7,40,178459,355151.800000002,69766940.42999999,7397.69999999891,19454380.66999994,257983.77499999976,1153023.1143750006,84505
total,5,20,ALL,80,22160601,76291472.6500001,13218051881.826271,831822.1999998163,7392318306.95625,74014448.78750004,490415403.9567185,10341045
total,5,20,0.3,80,6731465,22920310.40000002,4318517545.576253,153069.19999995045,2423767041.8587575,21664759.812499963,138670232.07296863,3195209
total,5,20,0.5,80,1107831,3471442.6750000077,875589597.810624,16207.174999991299,392600408.6506254,2623752.0375000034,13455167.188281264,533021
total,5,20,0.7,80,178172,496177.0000000022,104342117.32999992,7069.499999998628,20449876.499999974,241903.28749999957,884743.3323437507,85174
total,5,20,ALL,120,22089801,93141026.6000001,16891087105.966242,838695.1249998091,9523737145.335623,73576400.47499995,471528637.90326476,10341995
total,5,20,0.3,120,6708444,27843969.400000025,5260354036.602516,105527.34999994731,2917834920.9900017,21319332.70833333,130249616.22645837,3195344
total,5,20,0.5,120,1104550,4224765.6250000065,1110304284.5531228,12439.924999990862,406547075.2831243,2566227.366666672,12338613.766527792,533744
total,5,20,0.7,120,177662,609614.6500000017,149927015.47750032,6053.549999998739,21484688.547499932,236655.7666666669,794080.2656944444,85163
total,5,40,ALL,2,22263261,10724014.85000026,889473902.4375018,335903.299999901,525113827.20624954,74596596.5,755411242.75,9186604
total,5,40,0.3,2,918567,549091.925000013,195527570.89562485,29304.574999998116,41179464.895625,3834145.5,57879613.25,382903
total,5,40,0.5,2,73267,57730.850000001126,56859430.03750003,1270.7499999998854,46930.26750000121,317485.5,6305076.75,31125
total,5,40,0.7,2,6320,3108.6500000000306,3272.9024999999933,172.34999999998672,3235.1624999999835,16974.0,346210.5,2513
total,5,40,ALL,5,22257951,17675896.800000224,2050880305.0612473,710122.3249998735,1190175900.000628,74558034.99999999,645834924.2799999,9753869
total,5,40,0.3,5,918510,856040.8750000127,387252074.90312546,11813.324999996681,119500077.70312494,3409387.399999996,39615383.64000002,415617
total,5,40,0.5,5,73267,72430.05000000112,48527946.60249996,-252.4500000002513,88672.46250000143,258746.0000000005,3655750.4799999995,34289
total,5,40,0.7,5,6320,4506.250000000066,6235.012500000001,-11.250000000015461,6127.462500000002,12889.400000000001,171860.9199999999,2878
total,5,40,ALL,10,22249101,25718791.100000154,3367053088.0462465,835805.2749998504,1919946374.555623,74493019.10000014,591608442.2099998,9997379
total,5,40,0.3,10,918356,1161654.4500000116,487662603.85375017,6528.599999995652,208744993.65374976,3084791.100000004,29218441.770000026,428201
total,5,40,0.5,10,73266,96218.00000000087,66917026.72499998,-2019.5000000003074,10180915.455000008,216464.40000000008,2237614.759999997,34748
total,5,40,0.7,10,6320,5770.250000000076,10184.482500000164,-62.54999999999927,9984.022500000161,10337.100000000002,99987.18999999994,2908
total,5,40,ALL,20,22231401,37090142.15000013,5092808745.378752,831210.3249998338,2778347560.9581194,74366119.20000009,550282468.4950007,10164648
total,5,40,0.3,20,917931,1538313.275000007,458505574.9256256,20539.77499999448,170364971.65562478,2815690.149999998,22205082.19749998,435873
total,5,40,0.5,20,73243,121070.75000000079,56933132.482499994,-4863.250000000556,20351426.47249998,187456.95000000042,1505724.9725000013,35274
total,5,40,0.7,20,6318,7869.550000000095,19075.872500000103,-85.95000000002892,18721.582500000117,8840.450000000008,64485.36250000002,2987
total,5,40,ALL,40,22196001,53335372.55000006,8327420281.341247,825537.1749998182,4538977981.033132,74127284.47500002,515737039.9031254,10257870
total,5,40,0.3,40,916944,2130364.325000007,624901666.5881234,28186.824999993987,207520963.73812497,2584712.350000001,17251931.3575,439456
total,5,40,0.5,40,73217,174330.30000000077,97422014.48499994,-6566.600000000342,28898801.295000028,165557.17500000016,1061765.2243749995,35454
total,5,40,0.7,40,6318,19470.850000000057,24991832.612499982,152.64999999996053,33646.172500000146,7756.200000000006,41574.284999999974,2907
total,5,40,ALL,80,22125201,76084021.80000004,13215303670.808762,822883.1499998175,7389609054.218757,73696809.63749991,484000698.91078216,10324005
total,5,40,0.3,80,915464,2901030.7250000094,787811398.168125,2928.1249999935244,345021656.98812586,2381612.750000003,13515747.973437488,443608
total,5,40,0.5,80,73103,238475.30000000042,135197907.3149997,-15080.300000000529,50344312.275000036,147703.86250000002,764771.243281248,35656
total,5,40,0.7,80,6313,29789.650000000027,41644105.202499986,440.44999999987976,68201.8624999996,7027.362499999997,29834.27484375001,2922
total,5,40,ALL,120,22054401,92871590.55000015,16886673650.913754,827026.5749998093,9519385502.11311,73259035.6999999,465235900.9630556,10325132
total,5,40,0.3,120,912503,3553388.2500000056,1045453839.6612511,-8698.700000007124,357818678.4012502,2309392.150000003,12189063.018472226,444602
total,5,40,0.5,120,72873,277257.9500000006,134978574.2024995,-15210.95000000047,49841575.15250002,141434.9916666667,668270.1172916671,35743
total,5,40,0.7,120,6281,32518.95000000002,41689246.85249999,251.44999999990887,97403.82249999979,6735.333333333332,25212.976944444446,2942
total,10,20,ALL,2,22298661,10757933.40000026,889535812.4149997,231039.22499991852,564885306.7393742,75024231.5,768588458.75,9379355
total,10,20,0.3,2,19823764,9775957.350000238,838009221.6449997,225485.29999993046,531751295.9450002,70760451.5,744956853.25,8343658
total,10,20,0.5,2,10523620,5376491.32500013,610985989.9481251,124977.67499996754,367340922.82812446,39597936.5,447624560.75,4435269
total,10,20,0.7,2,2452260,1262851.5500000317,317570880.0112495,15865.849999993052,153585972.75124985,7592542.0,88471213.0,1036412
total,10,20,ALL,5,22293351,17734629.350000255,2051067843.4787502,514876.8249998895,1301365223.6956282,74979231.80000003,657906899.640001,9963598
total,10,20,0.3,5,19818914,16075009.625000233,1917780178.3593748,478510.47499990376,1233693776.9693792,70504797.39999995,636553308.6799994,8854736
total,10,20,0.5,5,10520954,8777426.17500012,1400465776.6343746,229888.42499995473,853436663.1193721,38786671.800000004,369819529.15999967,4713748
total,10,20,0.7,5,2451984,2015846.7250000257,612897522.3256242,10214.424999989364,325404765.6131244,7162445.3999999985,65988414.03999992,1109676
total,10,20,ALL,10,22284501,25806318.050000165,3367479637.058749,641928.1749998649,2119735328.5006254,74905201.50000006,602893201.2899995,10224431
total,10,20,0.3,10,19810848,23376775.700000174,3141945629.3399954,606613.5249998827,1988299611.7643764,70269288.89999996,582135742.65,9092210
total,10,20,0.5,10,10516273,12656283.700000092,2143543393.475002,283413.1749999421,1332657779.2018766,38119840.89999995,328050398.6100001,4847218
total,10,20,0.7,10,2451475,2786008.6250000214,693741276.878126,4549.199999986251,433520982.7550003,6824241.900000002,53387778.310000055,1140826
total,10,20,ALL,20,22266801,37213161.6000001,5093710357.191242,618207.0249998433,3064394989.940633,74759788.0999999,560425288.5249999,10405488
total,10,20,0.3,20,19794527,33630342.400000066,4580076891.000001,577906.4749998631,2726446867.239374,69966834.44999991,539723080.9025,9263513
total,10,20,0.5,20,10507890,18045771.32500006,2889734496.58937,267159.2499999333,1619287637.6212497,37463282.14999996,295361345.85750026,4945140
total,10,20,0.7,20,2450204,3833225.175000024,666181241.9456246,31735.899999984584,396364914.7950008,6531471.150000007,44227925.26750006,1162263
total,10,20,ALL,40,22231401,53498015.90000012,8329102977.773751,540708.9499998261,4878397482.78748,74489687.85000005,524239684.530001,10510495
total,10,20,0.3,40,19761389,48341446.950000025,7602567184.770001,474622.62499984825,4443639353.346867,69538612.42500003,503303695.74687505,9360909
total,10,20,0.5,40,10489871,25827217.150000047,4737526254.34126,189639.84999992079,2682982790.5787425,36744895.574999996,267405475.56937495,4999554
total,10,20,0.7,40,2447232,5425004.125000016,1041500063.4706261,17764.674999981522,522509976.860625,6252159.625000012,37112826.406875014,1172392
total,10,20,ALL,80,22160601,76291472.6500001,13218051881.826271,386746.0249998241,7780643637.325632,74014448.78750004,490415403.9567185,10586884
total,10,20,0.3,80,19695506,68840184.74999994,11869535225.789999,348602.924999845,7115093650.301878,68918784.20000006,469335382.7946876,9429613
total,10,20,0.5,80,10456242,36446101.0250001,6874739327.453126,50144.249999921136,4035791610.932503,35962215.51249998,242529060.80734375,5042788
total,10,20,0.7,80,2442409,7602142.324999997,1510256855.043128,-64652.77500001903,802274405.0006262,5993136.274999993,31450151.33343749,1184509
total,10,20,ALL,120,22089801,93141026.6000001,16891087105.966242,348257.94999981485,9990920315.26372,73576400.47499995,471528637.90326476,10582880
total,10,20,0.3,120,19630080,83926539.10000016,14895825778.850004,282324.69999983686,9063369244.937508,68410018.34999992,450336843.6861108,9427326
total,10,20,0.5,120,10419562,44280919.82499995,8305298254.700636,-46579.47500008404,4813195449.463125,35489014.76666664,229631290.57902768,5040753
total,10,20,0.7,120,2434979,9247246.874999989,1836935578.1056256,-74476.07500002111,807433212.6056265,5894844.458333332,29276307.90187506,1185250
total,10,40,ALL,2,22263261,10724014.85000026,889473902.4375018,227188.37499991874,564824017.6918756,74596596.5,755411242.75,9364169
total,10,40,0.3,2,6332204,3361398.6000000765,507493145.64500064,71486.84999998394,292295946.4175005,25047152.5,302913699.75,2678743
total,10,40,0.5,2,733283,440004.5250000088,195027177.4956254,-256.6250000013906,77827136.575625,2992991.5,43847332.75,314487
total,10,40,0.7,2,59218,43590.90000000071,45071247.53999998,-2871.6000000001004,8350441.799999993,188652.5,3480339.75,25517
total,10,40,ALL,5,22257951,17675896.800000224,2050880305.0612473,508096.57499989023,1301179324.1681263,74558034.99999999,645834924.2799999,9948013
total,10,40,0.3,5,6330892,5425117.100000086,1056045700.5499986,105347.69999997478,617558081.2975006,24131458.000000056,243029820.16000012,2851743
total,10,40,0.5,5,733244,674432.8250000108,302321569.2706248,-6832.925000002459,111835289.67062515,2731793.799999997,31393936.03999998,336486
total,10,40,0.7,5,59218,52012.10000000059,28434714.11000004,-81.00000000016917,58971.05000000065,162789.59999999983,2120481.119999999,27429
total,10,40,ALL,10,22249101,25718791.100000154,3367053088.0462465,632022.8249998651,2119312126.9081254,74493019.10000014,591608442.2099998,10208411
total,10,40,0.3,10,6328412,7771005.200000042,1609115272.9599974,125093.07499996774,895082806.8493739,23343198.499999966,208888677.1700001,2939019
total,10,40,0.5,10,733148,923281.3500000102,386214026.5312502,-19386.575000003395,172777077.57812527,2512598.6999999983,23972135.810000017,346523
total,10,40,0.7,10,59214,82018.62500000071,75201225.87312496,-8777.300000000372,30191449.059999947,143658.59999999986,1422070.34,27903
total,10,40,ALL,20,22231401,37090142.15000013,5092808745.378752,608747.3749998449,3063501891.638126,74366119.20000009,550282468.4950007,10388548
total,10,40,0.3,20,6323534,10934570.800000036,2055790668.303749,136502.49999996243,931724992.9412516,22521033.949999973,180851954.85749984,3002451
total,10,40,0.5,20,732795,1233936.5000000077,403858530.4250002,-11554.30000000426,150702089.67500022,2314547.749999996,18682899.36749998,354037
total,10,40,0.7,20,59194,101526.25000000096,66937752.77749991,-12079.550000000461,40331063.03749989,128739.70000000004,1026604.5300000012,28567
total,10,40,ALL,40,22196001,53335372.55000006,8327420281.341247,531466.8499998277,4876730945.157513,74127284.47500002,515737039.9031254,10493175
total,10,40,0.3,40,6313710,15391462.825000029,2991924020.619374,128060.22499995505,1241328028.671874,21626594.200000014,156638106.75750014,3031184
total,10,40,0.5,40,732299,1690127.350000002,511275433.92250025,-20052.45000000483,201627455.42249984,2122078.2750000004,14559083.384374991,356023
total,10,40,0.7,40,59173,155639.20000000074,133579790.35000005,-10018.200000000428,40501517.03999995,115759.04999999993,748412.826249999,28338
total,10,40,ALL,80,22125201,76084021.80000004,13215303670.808762,382977.27499982406,7777920972.888137,73696809.63749991,484000698.91078216,10569421
total,10,40,0.3,80,6296667,21558293.5,4524342717.068752,2788.4499999538148,2292457055.361242,20679724.23750002,135002699.70546865,3057150
total,10,40,0.5,80,731217,2287364.0000000047,611690614.4499998,-46750.20000000489,309852424.2699992,1944661.0124999958,11350401.856718749,360238
total,10,40,0.7,80,59094,201899.0000000003,150337116.8700001,-11966.900000000704,40826621.57999994,103429.91249999999,527903.3557812499,28817
total,10,40,ALL,120,22054401,92871590.55000015,16886673650.913754,339438.9999998143,9986547107.81122,73259035.6999999,465235900.9630556,10565895
total,10,40,0.3,120,6271271,26213274.000000004,5445692662.606247,-155038.8500000477,2637541268.1437473,20293048.216666672,126277839.49583344,3056482
total,10,40,0.5,120,728811,2815884.3250000016,830885024.6681247,-68311.32500000512,306352758.9881246,1887366.5083333324,10282119.48479167,361196
total,10,40,0.7,120,58855,229922.70000000065,139118425.66999993,-6481.500000000504,21107863.410000045,99322.4833333334,461520.73611111136,28779
total,10,80,ALL,2,22192461,10664864.150000261,889373809.6675017,222985.02499991882,564724925.9443756,73934435.0,738897915.5,9333329
total,10,80,0.3,2,617625,400405.50000000873,214655178.7187499,-5252.850000001698,53714921.92874994,3078238.5,49058942.75,266828
total,10,80,0.5,2,28655,48067.6000000004,97126233.30000001,-9082.199999999997,24980271.130000036,157224.5,3598885.25,12866
total,10,80,0.7,2,1073,548.9000000000005,614.4899999999603,24.699999999987995,605.5899999999573,5208.0,199177.5,418
total,10,80,ALL,5,22187151,17577493.750000242,2050600094.6637514,500936.5249998896,1300901746.8606222,73904567.59999987,630872715.0399997,9915845
total,10,80,0.3,5,617588,627487.800000009,378652800.81625015,-19627.00000000267,106032928.88625002,2805187.6000000024,35629525.68000005,284841
total,10,80,0.5,5,28655,61831.70000000039,118869692.8300001,-12930.299999999932,38458355.97000003,134381.1999999998,2173478.560000002,13520
total,10,80,0.7,5,1073,831.6000000000013,1364.1999999999844,20.099999999996726,1353.549999999981,4054.600000000001,93310.60000000005,444
total,10,80,ALL,10,22178301,25578167.150000177,3366478114.573748,621698.124999865,2118742093.4781237,73852841.30000006,577729766.77,10175227
total,10,80,0.3,10,617515,844853.425000008,450667720.4143753,-35743.75000000318,166903240.81875,2568958.7000000025,27456560.949999988,293749
total,10,80,0.5,10,28655,97488.07500000032,203967863.21062487,-31459.95000000013,98648823.70750009,117317.59999999998,1467317.6600000008,13704
total,10,80,0.7,10,1073,1071.900000000006,2299.029999999989,-48.90000000000782,2287.3499999999917,3337.7000000000007,51991.93000000003,478
total,10,80,ALL,20,22160601,36891956.400000066,5091644729.911258,595125.5249998437,3062348182.3206215,73747735.89999987,537658649.825,10354450
total,10,80,0.3,20,617288,1140782.4500000079,554639984.4437519,-31444.750000003456,142948776.37374932,2340282.8000000035,21249839.535000004,300207
total,10,80,0.5,20,28643,96516.70000000035,165412307.17500016,-28071.900000000194,88641898.06500003,103155.85000000021,1042876.9775,13868
total,10,80,0.7,20,1072,1344.4000000000096,3252.019999999959,-13.100000000000364,3234.9699999999607,2853.050000000001,33551.56249999999,487
total,10,80,ALL,40,22125201,53062936.499999985,8325189889.088753,522040.19999982713,4874519476.734997,73545217.90000005,504790553.2699998,10458406
total,10,80,0.3,40,616943,1588852.1250000033,839457023.1806266,-48301.67500000451,284771606.76062477,2106360.9750000015,16217451.956874995,301278
total,10,80,0.5,40,28637,136977.3000000004,238454042.0349999,-29259.000000000087,95316677.24500012,89395.12499999994,727777.2768750007,13808
total,10,80,0.7,40,1072,1896.400000000006,7057.719999999988,-48.30000000000928,7031.149999999996,2326.2500000000005,20634.527499999993,475
total,10,80,ALL,80,22054401,75664258.94999996,13210066305.216238,361519.9249998238,7772730952.525628,73104589.33750004,472975272.7176562,10535397
total,10,80,0.3,80,615916,2108332.2750000055,973585923.5731256,-54327.32500000454,443965584.9131251,1892366.3750000019,12301743.956874993,304770
total,10,80,0.5,80,28590,174661.2500000004,289724830.5775006,-45340.050000000236,137500286.1375004,77266.22500000008,499345.48656250065,13809
total,10,80,0.7,80,1072,2423.100000000004,12557.489999999918,-87.30000000003838,12523.629999999925,1972.1000000000004,14372.4528125,475
total,10,80,ALL,120,21983601,92383869.80000013,16879603573.221272,327544.14999981667,9979546825.06876,72686142.25000007,455031366.4577784,10531686
total,10,80,0.3,120,613981,2602040.975000003,1251525129.6731248,-80791.22500000495,453900441.58312476,1828898.4333333333,11137209.240694445,306207
total,10,80,0.5,120,28515,161964.5500000005,205329027.61249995,-16314.850000000179,45539046.02250004,73481.51666666669,437799.99986111175,14177
total,10,80,0.7,120,1060,2871.0999999999885,18199.830000000024,-95.90000000000146,18107.310000000027,1838.700000000001,12251.060277777779,444
total,20,40,ALL,2,22263261,10724014.85000026,889473902.4375018,108413.62499993597,564364280.0843743,74596596.5,755411242.75,9471291
total,20,40,0.3,2,20674623,10081417.800000228,798880820.7000006,131155.07499994102,490422635.20687515,71951456.0,740982790.0,8800847
total,20,40,0.5,2,10605991,5404009.475000132,580517151.8943752,54159.099999975515,378392997.99125075,40103238.0,451890822.5,4523455
total,20,40,0.7,2,1707042,890445.750000022,191476527.22499958,-12056.575000002564,74273924.57187498,6112101.5,77240413.75,732100
total,20,40,ALL,5,22257951,17675896.800000224,2050880305.0612473,273399.3749999096,1287631211.7181253,74558034.99999999,645834924.2799999,10052568
total,20,40,0.3,5,20669480,16566764.200000241,1779298728.4762492,300166.8749999161,1094405436.6181283,71803679.0,633110846.3600008,9333795
total,20,40,0.5,5,10603166,8812556.050000127,1215943839.2162483,97793.8749999628,737635314.5706269,39454093.60000004,377042991.75999945,4795796
total,20,40,0.7,5,1706882,1409073.6000000194,316060390.78499967,-15121.375000004467,118968398.78187492,5821363.6,59723920.87999999,779001
total,20,40,ALL,10,22249101,25718791.100000154,3367053088.0462465,343803.52499988925,2170450719.4256296,74493019.10000014,591608442.2099998,10325183
total,20,40,0.3,10,20660835,24146136.400000136,3085230997.6912513,345393.5249998982,1960377508.7206285,71648945.19999999,579390252.0199995,9589957
total,20,40,0.5,10,10598231,12774314.825000072,2035741144.940625,81521.14999995164,1176295713.1950028,38835856.69999995,335932446.70999956,4940263
total,20,40,0.7,10,1706563,2023773.3500000206,553094914.5524993,-26328.82500000613,181014595.39937487,5553704.599999993,49185669.440000065,805052
total,20,40,ALL,20,22231401,37090142.15000013,5092808745.378752,259358.87499986493,3194638166.5656204,74366119.20000009,550282468.4950007,10522586
total,20,40,0.3,20,20643506,34814128.65000005,4707494817.054993,226889.74999987442,2942736734.974998,71418084.95000012,538034918.3325,9779897
total,20,40,0.5,20,10588163,18294822.975000076,3101034323.4556217,45812.07499993703,1586199859.400626,38085046.69999999,301506343.9950004,5047122
total,20,40,0.7,20,1705648,2854225.5750000235,825022363.7368759,-26453.875000008775,197495369.33687517,5258920.100000007,40593271.79499992,822867
total,20,40,ALL,40,22196001,53335372.55000006,8327420281.341247,271008.84999984846,5078334634.138751,74127284.47500002,515737039.9031254,10648956
total,20,40,0.3,40,20609237,50052409.025000125,7800141724.540617,210535.17499986105,4792834708.498128,71055223.17499998,503070354.38937485,9900263
total,20,40,0.5,40,10571154,25937725.17500003,4696424649.271877,6312.624999929705,2219651794.981877,37170490.47500002,270724852.9406252,5112017
total,20,40,0.7,40,1704420,3955624.9500000193,1134114550.943749,-21204.00000000935,357267407.92375,4936819.574999999,33340824.453125004,831247
total,20,40,ALL,80,22125201,76084021.80000004,13215303670.808762,-179108.05000015986,7993713015.688754,73696809.63749991,484000698.91078216,10734287
total,20,40,0.3,80,20541078,71278856.10000016,12201448628.338722,-284544.25000014756,7436578002.868749,70481422.43749997,470752263.7739062,9978513
total,20,40,0.5,80,10537752,36626604.900000036,7481059525.426254,-293390.3000000757,4241702284.3862543,36058691.31250002,241500764.94859365,5157084
total,20,40,0.7,80,1701566,5440481.925000013,1495426390.2068737,-62078.02500001079,609025508.1968743,4605220.162499998,26927265.209218718,840882
total,20,40,ALL,120,22054401,92871590.55000015,16886673650.913754,-271838.7250001665,10355943178.245592,73259035.6999999,465235900.9630556,10734062
total,20,40,0.3,120,20472895,86890884.50000007,15276154873.311226,-409768.9750001531,9519768488.08313,69996660.38333337,451881519.68652785,9979975
total,20,40,0.5,120,10495302,44596747.699999996,9003038810.890001,-469153.25000007864,5005739011.707498,35607044.88333333,229212286.80708322,5156984
total,20,40,0.7,120,1695616,6680822.850000002,1887317790.103752,-163745.85000001162,733078419.2812487,4523037.716666668,25092431.100138877,844044
total,20,80,ALL,2,22192461,10664864.150000261,889373809.6675017,105839.82499993626,564264807.1843743,73934435.0,738897915.5,9439468
total,20,80,0.3,2,5950855,3138388.725000067,375350639.8081249,37163.64999998746,197323455.90500003,24567662.5,299553218.25,2556337
total,20,80,0.5,2,474808,312728.3500000055,197918124.30999988,-23098.675000000614,73706811.81687503,2332083.5,35587409.25,206963
total,20,80,0.7,2,16672,44116.95000000015,106743731.85624988,-17798.22500000008,53380786.49312494,81981.0,1659488.5,7109
total,20,80,ALL,5,22187151,17577493.750000242,2050600094.6637514,268368.3249999102,1287352556.7806253,73904567.59999987,630872715.0399997,10019607
total,20,80,0.3,5,5949580,5075132.125000063,802298548.2068748,64578.99999998118,355148119.68124986,23855376.8,245054117.0399998,2705029
total,20,80,0.5,5,474779,491638.5000000056,322532833.845,-36332.775000001166,117608103.73187502,2187251.5999999978,27160380.160000037,218760
total,20,80,0.7,5,16669,46458.225000000195,103517932.66812505,-21436.025000000125,66836157.61812493,74570.40000000001,1184510.3199999994,7460
total,20,80,ALL,10,22178301,25578167.150000177,3366478114.573748,336795.67499988945,2169879030.483125,73852841.30000006,577729766.77,10291211
total,20,80,0.3,10,5947330,7301803.175000054,1361958544.3293755,54607.84999997523,550926822.496248,23142164.80000001,212906106.71999997,2790860
total,20,80,0.5,10,474725,723884.9500000059,558321058.4325007,-59778.92500000181,186650808.91937488,2045496.400000002,21754800.700000018,226399
total,20,80,0.7,10,16663,70273.07500000026,162013207.49562514,-37347.77500000018,116978113.2256251,67670.89999999997,894085.8900000005,7804
total,20,80,ALL,20,22160601,36891956.400000066,5091644729.911258,250262.22499986435,3193481133.548129,73747735.89999987,537658649.825,10487739
total,20,80,0.3,20,5942415,10307849.050000034,1962057070.524998,14705.199999968183,785712970.592499,22262040.60000001,184533656.5950002,2856313
total,20,80,0.5,20,474580,1012256.5000000055,799860455.4562502,-66581.75000000215,208894552.63625017,1883745.3999999973,17257349.640000004,231495
total,20,80,0.7,20,16656,81882.17500000016,176905117.94562507,-33990.47500000024,105222899.99562499,60205.19999999998,661429.6449999999,8054
total,20,80,ALL,40,22125201,53062936.499999985,8325189889.088753,263908.39999984845,5076119697.246258,73545217.90000005,504790553.2699998,10613512
total,20,80,0.3,40,5934978,14352310.625000032,2802294984.895632,24231.824999964007,1200755502.2256265,21173545.47499999,157746871.65187478,2892356
total,20,80,0.5,40,474418,1391365.2500000026,1125269987.0837464,-75487.40000000251,408116973.2437499,1710807.5750000007,13517616.419374999,233022
total,20,80,0.7,40,16656,95623.82500000024,193443837.49312517,-45800.22500000001,143679623.9731252,52362.825000000026,470166.33187500056,7887
total,20,80,ALL,80,22054401,75664258.94999996,13210066305.216238,-207979.70000015892,7988511988.056235,73104589.33750004,472975272.7176562,10700360
total,20,80,0.3,80,5916951,20124468.200000037,4402908365.183746,-118393.65000004019,2244083174.1712494,20012980.45000001,133231840.36093755,2915603
total,20,80,0.5,80,473686,1739750.8500000057,1077622702.4237506,-101317.90000000299,475747328.6737494,1538504.4375000012,10306222.022656247,236271
total,20,80,0.7,80,16609,106957.675,193299313.0306249,-45865.87500000018,143740325.93062487,45379.637500000026,325227.99703125027,7872
total,20,80,ALL,120,21983601,92383869.80000013,16879603573.221272,-286248.4750001646,10348926489.54312,72686142.25000007,455031366.4577784,10699607
total,20,80,0.3,120,5888481,24648006.22500004,5273976843.060628,-323251.62500003946,2612217689.908123,19760516.56666667,126785371.40027784,2919822
total,20,80,0.5,120,472267,2206807.250000001,1510142846.1987493,-184395.40000000305,627436965.1687514,1495732.6333333335,9471777.023055559,239783
total,20,80,0.7,120,16536,112037.32500000013,183600904.7831248,-28731.625000000175,83732618.45312506,43178.83333333336,290032.34736111126,8152
total,20,160,ALL,2,22050861,10554737.900000278,889199782.0599998,98848.97499993647,564091878.4968746,72771015.0,712977234.0,9377415
total,20,160,0.3,2,388720,262396.50000000367,167757126.9425,-17353.1250000002,53585863.01937501,2229255.0,36405386.5,170082
total,20,160,0.5,2,9477,46298.87499999997,122492082.78562498,-17924.375000000025,53377436.555625,68594.5,1712277.75,4131
total,20,160,0.7,2,163,8738.799999999994,24962292.299999997,-5789.099999999992,16641951.41,1269.5,46333.25,59
total,20,160,ALL,5,22045551,17390097.150000267,2050090016.4787514,256246.22499991057,1286845914.9456244,72742899.80000006,607015699.48,9954912
total,20,160,0.3,5,388693,419624.4000000039,295936973.43499994,-20735.27500000027,67320906.93187514,2090602.0000000005,28095884.879999977,178911
total,20,160,0.5,5,9477,58688.97499999999,154241875.60562512,-21699.87500000006,66828770.09562494,62298.39999999995,1180129.1200000006,4400
total,20,160,0.7,5,163,5913.600000000007,16639291.740000006,-2925.399999999995,8320104.760000002,1083.8,22016.280000000002,77
total,20,160,ALL,10,22036701,25300556.000000123,3365366881.8512473,322158.8249998898,2168775493.4106207,72694570.80000006,554920156.9400009,10224055
total,20,160,0.3,10,388618,623758.4500000055,516487438.3274995,-46432.12500000054,142887716.43437472,1952102.2999999998,22592370.38999999,185201
total,20,160,0.5,10,9474,86248.77500000004,229300475.90562508,-37747.97500000008,116964280.53562509,56177.5,867091.2700000001,4578
total,20,160,0.7,10,163,5993.00000000001,16631155.339999998,-2902.999999999989,8317159.1400000015,977.9,15069.170000000002,61
total,20,160,ALL,20,22019001,36486115.50000012,5089275877.52625,236222.57499986567,3191128287.0406246,72596622.79999991,515800616.27500004,10417679
total,20,160,0.3,20,388437,899656.8000000026,819566023.376249,-77286.65000000175,229945064.07625002,1793208.5500000017,17968285.352499995,190262
total,20,160,0.5,20,9474,92176.47500000021,232721786.67562515,-35030.27500000008,105197122.70562518,49451.05,619851.8574999998,4840
total,20,160,0.7,20,163,6011.199999999998,16587985.560000004,-2883.2000000000025,8288976.560000003,903.55,12395.4775,59
total,20,160,ALL,40,21983601,52482401.800000034,8320189713.308752,247601.89999985078,5071155666.466254,72408604.12499999,484058259.7981251,10543789
total,20,160,0.3,40,388140,1283529.6000000017,1270463524.9812472,-107809.05000000156,475912228.0412498,1621405.9250000005,14078805.266874995,192385
total,20,160,0.5,40,9473,119591.97500000012,298048635.1506258,-59610.87500000011,192631520.45062515,42176.95,426546.8262499999,4874
total,20,160,0.7,40,163,6107.900000000008,16539760.110000003,-3078.0999999999894,8272408.8100000005,793.9499999999999,9290.92125,78
total,20,160,ALL,80,21912801,74889944.35000002,13201210437.66625,-203017.30000015916,7979718408.696264,72059792.7625,455828168.5754681,10629947
total,20,160,0.3,80,387369,1640366.575000007,1400996480.934373,-86064.87500000228,683260588.3243749,1451346.8124999998,10803240.910468783,194937
total,20,160,0.5,80,9451,133756.62500000003,318481215.7231245,-75830.92500000013,234715445.35312542,35901.99999999999,295023.49906250014,4849
total,20,160,0.7,80,163,6244.700000000001,16444047.51,-3145.399999999988,8220342.260000003,791.3124999999999,9493.53828125,79
total,20,160,ALL,120,21842001,91493189.04999991,16868336222.803743,-261802.3250001642,10337739021.615631,71698895.75000001,440139792.4415278,10628149
total,20,160,0.3,120,386289,1987250.6500000048,1672133319.2787511,-163720.35000000152,827387733.9162486,1385650.7583333328,9618759.469791668,198292
total,20,160,0.5,120,9415,134383.8250000001,311146608.163125,-41393.82499999999,132599576.7631249,33743.15833333334,261936.59701388888,4872
total,20,160,0.7,120,163,15628.800000000007,46657414.46,-3021.5000000000036,8272098.550000001,820.775,11213.212708333336,71
total,30,60,ALL,2,22227861,10692972.100000268,889418934.7000016,51006.974999945785,568308070.9393761,74242882.5,746007167.75,9496673
total,30,60,0.3,2,21006931,10214077.400000261,862350838.8550003,47466.27499994989,567933542.5443735,72176649.5,734622431.25,8980520
total,30,60,0.5,2,10620362,5389745.425000127,552612412.1518753,18858.599999977552,300686736.33375025,40179036.5,449014324.25,4553262
total,30,60,0.7,2,1391721,771470.0500000153,261757760.25500026,-23502.225000001697,74133181.05937497,5466283.5,70609817.75,602816
total,30,60,ALL,5,22222551,17624230.30000028,2050726981.1212516,106960.07499992254,1385623915.225626,74208777.99999993,637284572.7200001,10068601
total,30,60,0.3,5,21001704,16818556.550000228,1972322466.6937513,91567.12499992848,1360596497.878128,72065058.19999996,627344049.5600016,9516703
total,30,60,0.5,5,10617241,8810977.425000114,1218432979.6468747,28099.34999996666,681657834.1737524,39599333.39999994,375891010.4400005,4817355
total,30,60,0.7,5,1391591,1262869.9000000148,540900929.8199993,-40297.17500000275,135296235.9568752,5243901.199999988,55957598.40000004,638276
total,30,60,ALL,10,22213701,25644885.750000183,3366738501.378746,58857.22499990271,2306994192.408124,74150538.20000008,583653875.8799995,10351937
total,30,60,0.3,10,20992977,24466039.350000177,3236164232.6237516,46947.22499990909,2229782129.4831195,71935768.39999993,574069952.0800002,9786965
total,30,60,0.5,10,10612159,12725073.825000081,1923739748.6206245,24619.499999956955,1009086396.7024986,39010300.39999996,335736780.2199999,4963211
total,30,60,0.7,10,1391370,1817065.4500000165,857730361.7075,-77872.02500000407,263617653.96437472,5019349.699999999,47022737.88999996,659695
total,30,60,ALL,20,22196001,36985941.25000008,5092163765.398762,142862.42499988052,3322943453.605624,74034981.34999995,543040697.9425011,10555606
total,30,60,0.3,20,20975550,35297556.95000008,4979146074.369994,103677.74999988759,3271643393.022495,71732397.04999994,533348205.6575002,9983523
total,30,60,0.5,20,10602850,18197743.275000066,2960720431.5193725,38963.27499994563,1464648983.2693758,38244795.95000006,301688028.6625001,5073354
total,30,60,0.7,20,1390919,2500602.200000016,1074347301.1712492,-77298.65000000641,287847964.6312503,4751547.250000007,39260293.90250002,674184
total,30,60,ALL,40,22160601,53193719.600000106,8326178621.563742,37470.24999986176,5336699533.773751,73818092.82500003,509567357.1068752,10694176
total,30,60,0.3,40,20940839,50694510.90000003,8038831774.933744,-10689.40000013009,5217787560.016245,71402001.05000003,499408141.83,10114416
total,30,60,0.5,40,10585648,25712537.95000003,4395140869.696254,52504.69999993678,2340819092.4362526,37232034.30000002,270014102.6400002,5146508
total,30,60,0.7,40,1390087,3446623.200000014,1478575299.966252,-64037.85000000648,562478284.896249,4439236.724999993,32251230.00937501,683420
total,30,60,ALL,80,22089801,75873341.9500001,13212647845.316252,-516862.60000014486,8350343477.873747,73399434.81249999,478420198.3020312,10787322
total,30,60,0.3,80,20871695,72090065.52500005,12290066026.080654,-575267.8750001361,7999073781.6881275,70825375.82499994,467269119.6462502,10201210
total,30,60,0.5,80,10551108,36219093.049999945,7111357999.166241,-214110.20000006774,4025375712.5312476,35917933.75000001,237988379.33125022,5191638
total,30,60,0.7,80,1387655,4647273.099999995,1763432335.40125,-63904.45000000774,776616474.3712505,4099679.412500001,25583515.202656247,690425
total,30,60,ALL,120,22019001,92622376.5,16882954549.881258,-434903.90000014636,10616563281.073746,72964119.63333336,459821249.6323614,10780282
total,30,60,0.3,120,20802858,87811312.09999989,15058780320.48624,-652767.7000001379,9619192341.32875,70386729.98333338,448954469.4812499,10196175
total,30,60,0.5,120,10504953,44461462.07499991,8982306274.616888,-544514.9750000668,5008673357.264377,35657653.16666664,228820463.38625008,5193825
total,30,60,0.7,120,1382758,5786145.300000005,2352050731.3062525,-192269.10000000786,1013135737.08375,4049471.516666668,24277568.52444443,697629
total,30,120,ALL,2,22121661,10613152.200000241,889296389.0950003,48573.274999945934,568186119.0843767,73408342.5,728407919.25,9449099
total,30,120,0.3,2,5649651,2956029.850000072,430052736.2725002,-15382.725000010294,216601163.30437508,23364552.5,280990743.75,2439832
total,30,120,0.5,2,348107,251171.95000000412,211052355.66000003,-24187.67500000044,70195961.65187494,1866352.0,28411862.0,152044
total,30,120,0.7,2,7978,33981.19999999999,90097097.04000008,-15079.899999999945,45054966.92999998,48842.5,1019130.75,3440
total,30,120,ALL,5,22116351,17490303.700000253,2050380908.976247,101585.07499992276,1385279499.7506232,73368888.99999996,620804323.8799996,10019300
total,30,120,0.3,5,5648347,4791568.575000057,951459643.6993754,-42181.000000015,508268328.3362497,22776320.80000004,231327137.84000006,2574000
total,30,120,0.5,5,348074,404487.250000004,364210594.8875002,-36931.72500000063,108855494.23437501,1770490.9999999993,22253298.119999986,160001
total,30,120,0.7,5,7975,55778.79999999999,153710027.00000003,-18909.899999999983,58506113.29000001,45033.99999999997,753257.44,3659
total,30,120,ALL,10,22107501,25446691.800000187,3365985663.1812453,49030.97499990348,2306244928.4406247,73304342.70000018,567512830.2099994,10301414
total,30,120,0.3,10,5646142,6908313.600000045,1611789983.0237486,-115668.02500001987,850947467.3781266,22155066.099999983,202290274.87000012,2654787
total,30,120,0.5,10,348017,600194.3000000034,601412808.1000005,-75900.67500000107,225958110.34687495,1670449.499999996,18336580.549999986,165436
total,30,120,0.7,10,7973,89388.89999999995,250629155.01000002,-34973.39999999998,108639600.86000006,41025.39999999999,580104.6599999998,3806
total,30,120,ALL,20,22089801,36690842.50000007,5090493997.901242,127849.82499988069,3321283068.2006245,73176619.89999998,526868960.6000004,10503919
total,30,120,0.3,20,5641737,9736074.725000033,2274455714.3393745,-56010.77500002562,1121566565.0943763,21346212.95000002,176307174.84750012,2717458
total,30,120,0.5,20,347924,851291.0500000042,878322082.9637508,-90520.00000000189,320288141.71375006,1551833.349999996,14930068.822499994,169123
total,30,120,0.7,20,7973,64019.50000000006,160209511.92999995,-28564.79999999999,88548916.07999998,36379.45,431051.92749999993,3840
total,30,120,ALL,40,22054401,52763764.50000014,8322576251.933754,9237.74999986309,5333116964.72375,72942843.87499991,493188793.8631248,10643129
total,30,120,0.3,40,5633298,13573385.875000034,3069747136.3693743,29363.874999970158,1605363707.3268745,20356436.54999997,151836708.38249967,2755377
total,30,120,0.5,40,347734,1223339.0000000037,1366218146.2362485,-89281.55000000146,628688887.4262495,1418644.3749999986,11954065.380624993,171623
total,30,120,0.7,40,7973,67389.00000000004,160046660.13999993,-38526.1,118678750.79,31520.549999999985,302754.705,3890
total,30,120,ALL,80,21983601,75260274.54999998,13205134675.97126,-547002.700000144,8342870749.858752,72536282.44999997,462895850.9025001,10736027
total,30,120,0.3,80,5610436,19206755.300000034,4695904038.1837435,-110907.55000003224,2230976268.051249,19409229.88749995,131129352.98078105,2780172
total,30,120,0.5,80,347123,1505730.7000000014,1366933700.2562504,-78999.75000000205,737272718.7562509,1287294.4249999998,9396937.159062501,174444
total,30,120,0.7,80,7972,88509.99999999994,201713336.17999998,-54787.69999999999,160741918.75,27858.675000000014,226958.29531249986,3890
total,30,120,ALL,120,21912801,91929254.9000002,16873675232.766262,-442531.4000001463,10607334178.568733,72167691.11666667,446752725.434028,10728159
total,30,120,0.3,120,5583755,23623440.474999968,5840241907.57562,-300520.8750000314,2900060102.693121,19163359.333333366,125091941.84541678,2785828
total,30,120,0.5,120,346137,1932122.250000001,1932117470.6637523,-160338.45000000243,1001401070.7012504,1245415.6750000012,8618654.12409722,177862
total,30,120,0.7,120,7948,111479.79999999993,269976262.2800002,-20437.60000000008,58617883.17999998,26725.00833333332,211125.77354166686,3985
total,30,240,ALL,2,21909261,10461380.650000278,889071808.9174975,40972.97499994626,567962889.299374,71920013.0,699041041.0,9356188
total,30,240,0.3,2,312102,231770.35000000385,195183984.33624992,-18394.800000000363,69243326.84124994,1935226.0,31651418.0,137041
total,30,240,0.5,2,5272,44551.34999999996,124215216.01249999,-15170.650000000009,45054222.682500035,44190.0,1069992.5,2369
total,30,240,0.7,2,65,65.30000000000473,145.50999999998862,3.5000000000009095,145.14999999998926,863.5,37753.75,28
total,30,240,ALL,5,21903951,17235610.050000247,2049739630.218747,86979.77499992363,1384641833.2656224,71888819.60000005,594306808.5600001,9922570
total,30,240,0.3,5,312062,393426.55000000354,398498660.96874994,-31429.650000000824,127984312.89874998,1840598.7999999996,25189711.28000004,144303
total,30,240,0.5,5,5269,65427.349999999984,186102849.08249998,-19126.450000000026,58504327.31249999,40693.999999999985,808197.3600000001,2534
total,30,240,0.7,5,65,108.20000000000437,391.8399999999888,-2.899999999997817,391.02999999998946,774.0000000000001,19957.200000000004,28
total,30,240,ALL,10,21895101,25073801.150000192,3364626322.7637477,28443.724999903832,2304893144.4131284,71835242.59999992,542646611.579999,10201591
total,30,240,0.3,10,311988,598570.8500000025,681029904.0687495,-74589.35000000108,251561491.70874992,1740778.1999999986,20955445.640000034,149312
total,30,240,0.5,10,5265,100311.70000000001,285258020.5550003,-38214.600000000006,116955190.39499997,37159.199999999975,621661.6199999999,2647
total,30,240,0.7,10,65,170.29999999999382,892.2099999999539,-21.299999999997453,891.2099999999539,689.5000000000001,13384.590000000002,35
total,30,240,ALL,20,21877401,36148933.4500001,5087654507.15876,106293.6749998817,3318461264.1281295,71729823.59999996,503766899.3700001,10400609
total,30,240,0.3,20,311839,815867.3250000017,871859929.5456245,-73847.77500000186,410179608.3156256,1615533.8500000015,17125078.562499996,153617
total,30,240,0.5,20,5265,106075.15000000007,287909080.24249953,-60949.65000000007,180049570.31249997,33120.45000000003,459338.05750000005,2717
total,30,240,0.7,20,65,185.70000000000618,1017.7500000000073,-77.00000000000182,1017.2600000000062,645.1,11414.945,42
total,30,240,ALL,40,21842001,51993148.15000005,8316769618.541244,-581.1000001370012,5327345170.531259,71536457.77499993,472342445.76812536,10537766
total,30,240,0.3,40,311545,1142039.6750000038,1277756645.5231268,-61013.22500000145,730959505.1731255,1466961.8249999995,13584770.505625006,156152
total,30,240,0.5,40,5265,149994.75000000012,400201550.2925001,-112439.45000000004,322729920.98250014,28660.000000000004,321823.94625000004,2754
total,30,240,0.7,40,65,290.300000000002,2824.250000000018,-257.0000000000009,2823.0400000000172,562.0999999999999,8207.93,49
total,30,240,ALL,80,21771201,74207751.60000007,13194231263.638756,-513376.4500001447,8332031300.236256,71185385.65,444487835.7162507,10628914
total,30,240,0.3,80,310915,1380521.4750000036,1245168156.6081254,-76317.02500000194,877519610.9581245,1319896.037500001,10584457.646406243,158052
total,30,240,0.5,80,5265,145637.39999999997,379141856.99499995,-114499.9000000001,329998295.73499995,24981.412499999995,237344.55671874998,2684
total,30,240,0.7,80,65,417.600000000004,4544.1800000000685,-334.9000000000069,4541.9300000000685,552.0749999999999,7353.0190625000005,44
total,30,240,ALL,120,21700401,90681781.54999986,16858073305.938753,-399468.1500001456,10591819753.021248,70854996.7833334,429718652.3631947,10620155
total,30,240,0.3,120,310160,1804580.8249999993,1865110743.6256225,-139791.02500000212,1126496702.0531251,1263201.7916666649,9541446.557013879,160699
total,30,240,0.5,120,5240,186256.39999999994,507529738.0999995,-68598.39999999997,200014171.18,23641.849999999984,217999.09527777781,2714
total,30,240,0.7,120,65,12821.400000000005,39878810.02,-77.90000000001146,833.8700000000262,582.8833333333333,8729.314861111112,37
