code,norm,model,look,hor,look_s,hor_s,r2_is,r2_oos,n_oos
IC0000,raw,ALL,2s,2s,2,2,0.008802118143186322,0.006281556972260627,129591
IC0000,raw,VOI,2s,2s,2,2,0.006118000373591004,0.006988533845564637,129591
IC0000,raw,OIR,2s,2s,2,2,0.00039759582821219386,0.0006423072170420596,129591
IC0000,raw,MPB,2s,2s,2,2,0.0034928331127572765,-0.001021732623277316,129591
IC0000,raw,ALL,2s,10s,2,10,0.002240689190631473,0.0013135370582785244,129447
IC0000,raw,VOI,2s,10s,2,10,0.001687405166111211,0.0017147431132878976,129447
IC0000,raw,OIR,2s,10s,2,10,6.777370751942513e-06,1.2498320500098359e-05,129447
IC0000,raw,MPB,2s,10s,2,10,0.000759256457856794,-0.000577515213734614,129447
IC0000,raw,ALL,2s,1min,2,60,0.0002587811820837782,0.00020838346156337728,128547
IC0000,raw,VOI,2s,1min,2,60,0.00017252105413789742,0.00019791353556708469,128547
IC0000,raw,OIR,2s,1min,2,60,3.034513844446529e-05,-0.0001725744720917355,128547
IC0000,raw,MPB,2s,1min,2,60,4.165128918542926e-05,-8.217028536927629e-06,128547
IC0000,raw,ALL,2s,5min,2,300,4.9768283516771206e-05,-0.00034799217541170435,124227
IC0000,raw,VOI,2s,5min,2,300,1.6043965131995463e-06,-0.00024100658379477835,124227
IC0000,raw,OIR,2s,5min,2,300,3.424263340989775e-05,-0.0004352329374648356,124227
IC0000,raw,MPB,2s,5min,2,300,1.3647562571827976e-05,-0.00019921738927264343,124227
IC0000,raw,ALL,20s,2s,20,2,0.0005759752583104349,0.0006024111988560676,129267
IC0000,raw,VOI,20s,2s,20,2,0.0004740120212495258,0.0006750494474340174,129267
IC0000,raw,OIR,20s,2s,20,2,1.1943860911411974e-07,-5.4310889892050795e-06,129267
IC0000,raw,MPB,20s,2s,20,2,0.0001809610393875838,-0.00012580051946975424,129267
IC0000,raw,ALL,20s,10s,20,10,0.00011323961573017627,-7.308477851397654e-05,129123
IC0000,raw,VOI,20s,10s,20,10,1.7294502543396817e-06,2.5446300817022482e-05,129123
IC0000,raw,OIR,20s,10s,20,10,0.00010430689644125302,-0.00012293873238755637,129123
IC0000,raw,MPB,20s,10s,20,10,3.687059605406162e-07,-6.342783045898415e-06,129123
IC0000,raw,ALL,20s,1min,20,60,0.0004571139676995406,-0.001076781505150004,128223
IC0000,raw,VOI,20s,1min,20,60,0.00014318576392402527,-0.00043418078155110784,128223
IC0000,raw,OIR,20s,1min,20,60,0.00032556078898193785,-0.000528747592527079,128223
IC0000,raw,MPB,20s,1min,20,60,1.4885738616299271e-05,-0.0002534099824378355,128223
IC0000,raw,ALL,20s,5min,20,300,0.0004372754091425124,-0.0017863971491023367,123903
IC0000,raw,VOI,20s,5min,20,300,0.00025961589519407635,-0.0007743025495055011,123903
IC0000,raw,OIR,20s,5min,20,300,0.00021850282142565902,-0.0012567044504323555,123903
IC0000,raw,MPB,20s,5min,20,300,4.478269823970926e-06,-0.0003443815910653125,123903
IC0000,raw,ALL,1min,2s,60,2,0.00012885451773092527,0.00016586305359311826,128547
IC0000,raw,VOI,1min,2s,60,2,0.00010948843915348228,0.00018303343130798844,128547
IC0000,raw,OIR,1min,2s,60,2,1.166827662979486e-05,-3.4233059240662556e-05,128547
IC0000,raw,MPB,1min,2s,60,2,2.3510322174180587e-05,2.4913683982830115e-05,128547
IC0000,raw,ALL,1min,10s,60,10,0.0001933998639767065,-0.000504657685925558,128403
IC0000,raw,VOI,1min,10s,60,10,1.4564397841976273e-05,-9.730556741205376e-05,128403
IC0000,raw,OIR,1min,10s,60,10,0.00015613360600641446,-0.00024437726725512476,128403
IC0000,raw,MPB,1min,10s,60,10,8.638138212835322e-06,-0.0001036778559948548,128403
IC0000,raw,ALL,1min,1min,60,60,0.0005031190345787806,-0.0011216807872673762,127503
IC0000,raw,VOI,1min,1min,60,60,0.000178292862185625,-0.000532311710952138,127503
IC0000,raw,OIR,1min,1min,60,60,0.0003130613618158584,-0.0010178019796973636,127503
IC0000,raw,MPB,1min,1min,60,60,4.963024186466214e-05,0.0002751143622928831,127503
IC0000,raw,ALL,1min,5min,60,300,0.00086620454430264,-0.003013093244969234,123183
IC0000,raw,VOI,1min,5min,60,300,0.0005592084547366705,-0.0012533067485838156,123183
IC0000,raw,OIR,1min,5min,60,300,0.00036846944378798874,-0.002150734645902652,123183
IC0000,raw,MPB,1min,5min,60,300,1.4535490011624574e-06,-0.00028758066960388184,123183
IC0000,raw,ALL,5min,2s,300,2,1.086725585763837e-05,-1.0982660200831162e-05,124227
IC0000,raw,VOI,5min,2s,300,2,2.45054571568204e-06,1.6994917075519034e-05,124227
IC0000,raw,OIR,5min,2s,300,2,6.4434745653541015e-06,-4.538671970677477e-05,124227
IC0000,raw,MPB,5min,2s,300,2,6.594531948178606e-06,1.4899943665658277e-05,124227
IC0000,raw,ALL,5min,10s,300,10,8.664960726312287e-05,-0.00045338955901130795,124083
IC0000,raw,VOI,5min,10s,300,10,3.162697688763316e-05,-0.00010695513128888834,124083
IC0000,raw,OIR,5min,10s,300,10,5.31234778800016e-05,-0.00030177262274300176,124083
IC0000,raw,MPB,5min,10s,300,10,2.091515327595772e-08,-1.274501510994952e-06,124083
IC0000,raw,ALL,5min,1min,300,60,0.000492077456686224,-0.0021152461518112453,123183
IC0000,raw,VOI,5min,1min,300,60,0.00026219235789992634,-0.0006731626025056059,123183
IC0000,raw,OIR,5min,1min,300,60,0.00022316892314910852,-0.0013522569628192649,123183
IC0000,raw,MPB,5min,1min,300,60,1.5552560439502372e-07,-2.3787844052547413e-05,123183
IC0000,raw,ALL,5min,5min,300,300,0.001117728418316255,-0.004095296911560187,118863
IC0000,raw,VOI,5min,5min,300,300,0.0004799193601144891,-0.001407019490495598,118863
IC0000,raw,OIR,5min,5min,300,300,0.0006223638807862919,-0.003089239781711939,118863
IC0000,raw,MPB,5min,5min,300,300,1.315368547705198e-05,-0.0004197199735807011,118863
IC0000,shen,ALL,2s,2s,2,2,0.0054706113247783295,0.0035353115633014465,129591
IC0000,shen,VOI,2s,2s,2,2,0.0031668266243118914,0.003373841057232152,129591
IC0000,shen,OIR,2s,2s,2,2,0.00014010771663053312,0.00021534476804296876,129591
IC0000,shen,MPB,2s,2s,2,2,0.0026409379335889938,0.00020262541494209252,129591
IC0000,shen,ALL,2s,10s,2,10,0.0012927982952637418,0.0001603510019004828,129447
IC0000,shen,VOI,2s,10s,2,10,0.0005945259152257965,0.0006749519057320796,129447
IC0000,shen,OIR,2s,10s,2,10,1.3569261597679017e-06,-2.7369109942165792e-05,129447
IC0000,shen,MPB,2s,10s,2,10,0.0007674886842684581,-0.000543341338142378,129447
IC0000,shen,ALL,2s,1min,2,60,0.0001152501880625767,-5.000721735726188e-05,128547
IC0000,shen,VOI,2s,1min,2,60,1.874557917269648e-05,-5.323531794920733e-05,128547
IC0000,shen,OIR,2s,1min,2,60,2.851021223626571e-05,-0.0001127532428493172,128547
IC0000,shen,MPB,2s,1min,2,60,6.805536228216003e-05,-9.445855792455937e-05,128547
IC0000,shen,ALL,2s,5min,2,300,4.828831285819124e-05,-0.0003190029424888774,124227
IC0000,shen,VOI,2s,5min,2,300,6.1605210691650925e-06,-0.00028033133580640524,124227
IC0000,shen,OIR,2s,5min,2,300,1.2110314443480874e-05,-0.00030307514863481266,124227
IC0000,shen,MPB,2s,5min,2,300,3.207140097727379e-05,-0.00026827152746577987,124227
IC0000,shen,ALL,20s,2s,20,2,0.00030721318158544175,4.998936144595678e-05,129267
IC0000,shen,VOI,20s,2s,20,2,9.739663175656332e-05,0.00017963709652002446,129267
IC0000,shen,OIR,20s,2s,20,2,4.851354384105555e-06,-1.4021220009041713e-05,129267
IC0000,shen,MPB,20s,2s,20,2,0.00024363045688313711,-0.00012554460513247712,129267
IC0000,shen,ALL,20s,10s,20,10,0.00019331457530258334,-0.00016999919986626644,129123
IC0000,shen,VOI,20s,10s,20,10,9.657681673536089e-05,-0.00016300597933671668,129123
IC0000,shen,OIR,20s,10s,20,10,9.613252067219857e-05,-4.330586519407653e-05,129123
IC0000,shen,MPB,20s,10s,20,10,2.1453980152519314e-05,6.6474859575782475e-06,129123
IC0000,shen,ALL,20s,1min,20,60,0.00048634428867111446,-0.0002423676806777575,128223
IC0000,shen,VOI,20s,1min,20,60,0.00032800967985280316,-0.00018821289885195824,128223
IC0000,shen,OIR,20s,1min,20,60,0.0002010779583200284,-8.894310344409462e-05,128223
IC0000,shen,MPB,20s,1min,20,60,4.345027051377848e-06,-0.00010958669639204999,128223
IC0000,shen,ALL,20s,5min,20,300,0.00036377075172333573,-0.0005430704274669296,123903
IC0000,shen,VOI,20s,5min,20,300,0.0002986328087326573,-0.00035824052986632715,123903
IC0000,shen,OIR,20s,5min,20,300,6.933661487740217e-05,-0.0004667466652326091,123903
IC0000,shen,MPB,20s,5min,20,300,1.1276039195928789e-05,-0.00024585666542997764,123903
IC0000,shen,ALL,1min,2s,60,2,5.466791145014582e-05,2.6107119142082524e-06,128547
IC0000,shen,VOI,1min,2s,60,2,1.2066427718449013e-05,2.1856495225902606e-05,128547
IC0000,shen,OIR,1min,2s,60,2,1.2456566874763375e-05,-1.2223895631935378e-05,128547
IC0000,shen,MPB,1min,2s,60,2,4.3993857681945414e-05,-1.5951546624703994e-05,128547
IC0000,shen,ALL,1min,10s,60,10,0.000190232423090686,-0.00010153849400862391,128403
IC0000,shen,VOI,1min,10s,60,10,9.201617781307014e-05,-4.442127716131061e-05,128403
IC0000,shen,OIR,1min,10s,60,10,0.00011280163423976752,-5.0512493122045754e-05,128403
IC0000,shen,MPB,1min,10s,60,10,3.254023206444856e-08,-1.0352930244872383e-05,128403
IC0000,shen,ALL,1min,1min,60,60,0.0004954481864468674,-0.00045012742086925073,127503
IC0000,shen,VOI,1min,1min,60,60,0.0002631421654541999,-0.00014093528795999788,127503
IC0000,shen,OIR,1min,1min,60,60,0.00023435220859702177,-0.00043821858414694326,127503
IC0000,shen,MPB,1min,1min,60,60,3.3403658705633e-05,2.56320793275977e-05,127503
IC0000,shen,ALL,1min,5min,60,300,0.0006133760196826987,-0.0008529723817527479,123183
IC0000,shen,VOI,1min,5min,60,300,0.0004258924297423361,-0.0004329077272386961,123183
IC0000,shen,OIR,1min,5min,60,300,0.00011273604635075873,-0.0006915610051481114,123183
IC0000,shen,MPB,1min,5min,60,300,6.0169491976846956e-05,-0.00024343760273048964,123183
IC0000,shen,ALL,5min,2s,300,2,1.645143928974413e-05,-2.087300816788762e-05,124227
IC0000,shen,VOI,5min,2s,300,2,3.1743917772164565e-07,-2.699776228354267e-06,124227
IC0000,shen,OIR,5min,2s,300,2,8.218506831747519e-07,-6.741290256684351e-06,124227
IC0000,shen,MPB,5min,2s,300,2,1.4328146397457608e-05,-1.469237081042074e-05,124227
IC0000,shen,ALL,5min,10s,300,10,7.296287213731656e-05,-9.354412207307483e-05,124083
IC0000,shen,VOI,5min,10s,300,10,4.9380730179793275e-05,-3.159131753749378e-05,124083
IC0000,shen,OIR,5min,10s,300,10,8.498193820427602e-06,-4.9029770284869656e-05,124083
IC0000,shen,MPB,5min,10s,300,10,8.828021349271964e-06,-2.189306925171053e-05,124083
IC0000,shen,ALL,5min,1min,300,60,0.0003282354398022047,-0.0004431315920883083,123183
IC0000,shen,VOI,5min,1min,300,60,0.00020244295206683915,-0.00020122541974876285,123183
IC0000,shen,OIR,5min,1min,300,60,2.9437771537188517e-05,-0.00022211780622005683,123183
IC0000,shen,MPB,5min,1min,300,60,5.908122596498533e-05,-0.00011950503393443057,123183
IC0000,shen,ALL,5min,5min,300,300,0.0011627488682977027,-0.0031024688870429085,118863
IC0000,shen,VOI,5min,5min,300,300,0.00035855318859745466,-0.0010605381507990952,118863
IC0000,shen,OIR,5min,5min,300,300,0.0005583046685941895,-0.0022633643565261874,118863
IC0000,shen,MPB,5min,5min,300,300,0.00031440407710459084,-0.001067589640137978,118863
IF0000,raw,ALL,2s,2s,2,2,0.010215353592819776,0.0058790413320258805,129594
IF0000,raw,VOI,2s,2s,2,2,0.007776117951634465,0.005146166763478788,129594
IF0000,raw,OIR,2s,2s,2,2,0.00016178347739870258,0.000585410109016915,129594
IF0000,raw,MPB,2s,2s,2,2,0.0035167327895794243,0.0005167161614439975,129594
IF0000,raw,ALL,2s,10s,2,10,0.0037857062827829635,0.0032117526797119655,129450
IF0000,raw,VOI,2s,10s,2,10,0.003152734037903282,0.003090654466046505,129450
IF0000,raw,OIR,2s,10s,2,10,2.059308516266789e-06,-8.802958065023958e-05,129450
IF0000,raw,MPB,2s,10s,2,10,0.0009791059035142435,2.3144377842232444e-05,129450
IF0000,raw,ALL,2s,1min,2,60,0.00045701939022224636,-0.0005296376938512815,128550
IF0000,raw,VOI,2s,1min,2,60,0.00032884699611146484,-0.000198039426120733,128550
IF0000,raw,OIR,2s,1min,2,60,2.7138616916277947e-05,-0.0005795750224379947,128550
IF0000,raw,MPB,2s,1min,2,60,0.00016470657684586332,-0.0008901054342835835,128550
IF0000,raw,ALL,2s,5min,2,300,0.00011221716773979207,-0.001823259070123484,124230
IF0000,raw,VOI,2s,5min,2,300,2.7019135981909415e-05,-0.0016115188125354063,124230
IF0000,raw,OIR,2s,5min,2,300,3.57001858672934e-05,-0.0017970890505487613,124230
IF0000,raw,MPB,2s,5min,2,300,5.277169212292154e-05,-0.0019262267127033716,124230
IF0000,raw,ALL,20s,2s,20,2,0.0015391264811166483,0.000948553615617409,129270
IF0000,raw,VOI,20s,2s,20,2,0.0013805063082868996,0.0010285403101442103,129270
IF0000,raw,OIR,20s,2s,20,2,2.1025756691273045e-08,-1.8465502122033683e-05,129270
IF0000,raw,MPB,20s,2s,20,2,0.0003775689127683002,-0.00014228867364751707,129270
IF0000,raw,ALL,20s,10s,20,10,0.0008353736693281766,0.0003128578603983634,129126
IF0000,raw,VOI,20s,10s,20,10,0.0007741346328281606,0.0005032680933060307,129126
IF0000,raw,OIR,20s,10s,20,10,6.900199630122117e-06,-3.091315146264151e-05,129126
IF0000,raw,MPB,20s,10s,20,10,0.00017923653486850988,-0.00043789355931167506,129126
IF0000,raw,ALL,20s,1min,20,60,0.0002064630327764938,-0.0013607286522259177,128226
IF0000,raw,VOI,20s,1min,20,60,4.495800414172635e-06,-0.0005193117647190881,128226
IF0000,raw,OIR,20s,1min,20,60,0.0001247961886494675,-0.000639621002501034,128226
IF0000,raw,MPB,20s,1min,20,60,3.2078315767458676e-05,-0.0009727123455054443,128226
IF0000,raw,ALL,20s,5min,20,300,0.0004245980462327381,-0.0031918116173139666,123906
IF0000,raw,VOI,20s,5min,20,300,0.00014630282214034285,-0.002296590218885841,123906
IF0000,raw,OIR,20s,5min,20,300,0.00023410424823289144,-0.0020839514820381044,123906
IF0000,raw,MPB,20s,5min,20,300,3.9899212997407396e-05,-0.002101661050433856,123906
IF0000,raw,ALL,1min,2s,60,2,0.0002902702809982616,2.4777909208517634e-05,128550
IF0000,raw,VOI,1min,2s,60,2,0.0002218298144542885,0.00020294643845697458,128550
IF0000,raw,OIR,1min,2s,60,2,1.5667358160609268e-05,-3.827402236233901e-05,128550
IF0000,raw,MPB,1min,2s,60,2,8.406970514740486e-05,-0.0002040256225603887,128550
IF0000,raw,ALL,1min,10s,60,10,9.748499466011307e-05,-0.0004884636846718138,128406
IF0000,raw,VOI,1min,10s,60,10,1.0773290375576394e-05,-6.056963051470632e-05,128406
IF0000,raw,OIR,1min,10s,60,10,4.217844081588762e-05,-0.00015346707899488443,128406
IF0000,raw,MPB,1min,10s,60,10,2.5372458226535777e-05,-0.00032273275143146485,128406
IF0000,raw,ALL,1min,1min,60,60,0.0003122874441796597,-0.0022500492094830182,127506
IF0000,raw,VOI,1min,1min,60,60,2.234793808675306e-06,-0.00045317256165389175,127506
IF0000,raw,OIR,1min,1min,60,60,2.0298945537566837e-05,-0.0004153267462934096,127506
IF0000,raw,MPB,1min,1min,60,60,0.00019173304409647596,-0.0019735553035378217,127506
IF0000,raw,ALL,1min,5min,60,300,0.0012841239833164542,-0.005478689717787866,123186
IF0000,raw,VOI,1min,5min,60,300,0.00042704847669905455,-0.003308909658068737,123186
IF0000,raw,OIR,1min,5min,60,300,0.000703308971023886,-0.002692763198120174,123186
IF0000,raw,MPB,1min,5min,60,300,3.560104982758272e-05,-0.001970374995903912,123186
IF0000,raw,ALL,5min,2s,300,2,3.706221966504053e-05,-4.6273039884692224e-05,124230
IF0000,raw,VOI,5min,2s,300,2,1.7868398637821414e-05,4.6325165371619015e-05,124230
IF0000,raw,OIR,5min,2s,300,2,2.0247186700572684e-05,-4.860802206807513e-05,124230
IF0000,raw,MPB,5min,2s,300,2,2.4655925261019007e-05,-9.49577176574401e-05,124230
IF0000,raw,ALL,5min,10s,300,10,0.0001445717223326204,-0.0005211794854973473,124086
IF0000,raw,VOI,5min,10s,300,10,2.2848788407969778e-06,-8.692623965855795e-05,124086
IF0000,raw,OIR,5min,10s,300,10,0.0001190494854718116,-0.0002519680344599262,124086
IF0000,raw,MPB,5min,10s,300,10,2.5865484580611664e-05,-0.0002450675723237872,124086
IF0000,raw,ALL,5min,1min,300,60,0.001071099110423246,-0.003400594497681819,123186
IF0000,raw,VOI,5min,1min,300,60,0.00014398555397943102,-0.0009859893530181907,123186
IF0000,raw,OIR,5min,1min,300,60,0.0006899169890560719,-0.0014131256342495568,123186
IF0000,raw,MPB,5min,1min,300,60,6.597951364573085e-05,-0.0008416669140769439,123186
IF0000,raw,ALL,5min,5min,300,300,0.0013018638547849237,-0.004993509888325587,118866
IF0000,raw,VOI,5min,5min,300,300,0.0001655088811569616,-0.003931520903648789,118866
IF0000,raw,OIR,5min,5min,300,300,0.0008627281143914756,-0.0016904723467867644,118866
IF0000,raw,MPB,5min,5min,300,300,6.0992951635086e-05,-0.0024132177055646853,118866
IF0000,shen,ALL,2s,2s,2,2,0.009031323008514947,0.004942529365337789,129594
IF0000,shen,VOI,2s,2s,2,2,0.006430098421476349,0.004073715357676977,129594
IF0000,shen,OIR,2s,2s,2,2,5.8220813553222506e-05,0.00029168558343684037,129594
IF0000,shen,MPB,2s,2s,2,2,0.0034344903612942845,0.000732375947571029,129594
IF0000,shen,ALL,2s,10s,2,10,0.003199227256139414,0.002585471889979263,129450
IF0000,shen,VOI,2s,10s,2,10,0.002380917748145639,0.0023328165994794814,129450
IF0000,shen,OIR,2s,10s,2,10,5.70344428352243e-07,-8.934130996962608e-05,129450
IF0000,shen,MPB,2s,10s,2,10,0.0010917147178147735,0.00015640228034485837,129450
IF0000,shen,ALL,2s,1min,2,60,0.0003263986743252678,-0.0006148316548484356,128550
IF0000,shen,VOI,2s,1min,2,60,0.00015018654123533093,-0.00038471740395484844,128550
IF0000,shen,OIR,2s,1min,2,60,3.213889666620062e-07,-0.0005506954519076679,128550
IF0000,shen,MPB,2s,1min,2,60,0.00020821223960998392,-0.0007944843528118195,128550
IF0000,shen,ALL,2s,5min,2,300,9.194141976809345e-05,-0.0018472226722521246,124230
IF0000,shen,VOI,2s,5min,2,300,6.262787480726395e-06,-0.0016884883395635875,124230
IF0000,shen,OIR,2s,5min,2,300,2.6368902047213538e-05,-0.0017611423607668542,124230
IF0000,shen,MPB,2s,5min,2,300,6.239129226304208e-05,-0.0018835093371805112,124230
IF0000,shen,ALL,20s,2s,20,2,0.0012450036666320496,0.0004336665851756294,129270
IF0000,shen,VOI,20s,2s,20,2,0.0008899567200967295,0.000645708542928447,129270
IF0000,shen,OIR,20s,2s,20,2,3.635832006576578e-06,-7.880765142687096e-07,129270
IF0000,shen,MPB,20s,2s,20,2,0.0005577042173040558,-0.0002509062071467394,129270
IF0000,shen,ALL,20s,10s,20,10,0.0006090483296625759,-0.00017738220497109936,129126
IF0000,shen,VOI,20s,10s,20,10,0.00035962400588918086,0.00022956031783183395,129126
IF0000,shen,OIR,20s,10s,20,10,3.259366641894523e-05,6.830630439991214e-05,129126
IF0000,shen,MPB,20s,10s,20,10,0.00036112367771590215,-0.0006239599519959338,129126
IF0000,shen,ALL,20s,1min,20,60,0.00026628160999719874,-0.0011774377641597944,128226
IF0000,shen,VOI,20s,1min,20,60,0.00012387132331248552,-0.0003901301532822643,128226
IF0000,shen,OIR,20s,1min,20,60,6.842754412317298e-06,-0.0005419828166253193,128226
IF0000,shen,MPB,20s,1min,20,60,7.79234769068271e-05,-0.0010845192909423318,128226
IF0000,shen,ALL,20s,5min,20,300,0.0004885385604379566,-0.003050360204927882,123906
IF0000,shen,VOI,20s,5min,20,300,0.00026362710545135837,-0.002390656534530189,123906
IF0000,shen,OIR,20s,5min,20,300,0.00015061776108238334,-0.0018552566602434428,123906
IF0000,shen,MPB,20s,5min,20,300,3.9646091840039865e-05,-0.0019990292887530625,123906
IF0000,shen,ALL,1min,2s,60,2,0.0001818647698240694,-0.0001361106826600622,128550
IF0000,shen,VOI,1min,2s,60,2,7.891485260103082e-05,6.844778264569751e-05,128550
IF0000,shen,OIR,1min,2s,60,2,1.438049828106358e-07,-1.878735791804864e-05,128550
IF0000,shen,MPB,1min,2s,60,2,0.00012948573394078178,-0.00020685821730270781,128550
IF0000,shen,ALL,1min,10s,60,10,0.00011546098195913679,-0.0005273907972658254,128406
IF0000,shen,VOI,1min,10s,60,10,1.892188304786213e-05,-8.984139100221e-05,128406
IF0000,shen,OIR,1min,10s,60,10,3.2586503495579677e-09,-8.562104054976594e-05,128406
IF0000,shen,MPB,1min,10s,60,10,6.266073135618999e-05,-0.0003778780338890009,128406
IF0000,shen,ALL,1min,1min,60,60,0.0006010987555326031,-0.0025198884845409886,127506
IF0000,shen,VOI,1min,1min,60,60,7.918093138181703e-05,-0.0002678932693360725,127506
IF0000,shen,OIR,1min,1min,60,60,2.6451075347377895e-05,-0.0006655821065466583,127506
IF0000,shen,MPB,1min,1min,60,60,0.00037150681825026677,-0.002333467051132354,127506
IF0000,shen,ALL,1min,5min,60,300,0.0010473716725308835,-0.004476561638397936,123186
IF0000,shen,VOI,1min,5min,60,300,0.0005087478724792316,-0.0032512421443959827,123186
IF0000,shen,OIR,1min,5min,60,300,0.00038512190835382487,-0.002036138176228164,123186
IF0000,shen,MPB,1min,5min,60,300,1.5108028907584448e-05,-0.0017412462461625644,123186
IF0000,shen,ALL,5min,2s,300,2,3.760238384953318e-05,-9.685468642972594e-05,124230
IF0000,shen,VOI,5min,2s,300,2,5.4843472048204944e-06,1.4864828778660133e-05,124230
IF0000,shen,OIR,5min,2s,300,2,1.6852892299246136e-05,-3.002911343008563e-05,124230
IF0000,shen,MPB,5min,2s,300,2,3.356618958072488e-05,-9.964857956257234e-05,124230
IF0000,shen,ALL,5min,10s,300,10,0.0001472040459040702,-0.0004969315402030272,124086
IF0000,shen,VOI,5min,10s,300,10,1.307546614193189e-05,-0.00011736926467253994,124086
IF0000,shen,OIR,5min,10s,300,10,8.890649373471948e-05,-0.00014823944011888024,124086
IF0000,shen,MPB,5min,10s,300,10,3.487219363951244e-05,-0.00024277057157084947,124086
IF0000,shen,ALL,5min,1min,300,60,0.0007697186933087741,-0.0023632588050614967,123186
IF0000,shen,VOI,5min,1min,300,60,0.00015508788717399913,-0.0009358598147057862,123186
IF0000,shen,OIR,5min,1min,300,60,0.0004231912438241725,-0.0008277864500223497,123186
IF0000,shen,MPB,5min,1min,300,60,4.3943555433689774e-05,-0.000648945396331424,123186
IF0000,shen,ALL,5min,5min,300,300,0.0003266967785766628,-0.0033791950353971867,118866
IF0000,shen,VOI,5min,5min,300,300,0.00013505281362702348,-0.0037597319204953905,118866
IF0000,shen,OIR,5min,5min,300,300,0.00010460147495150451,-0.0016727503515234776,118866
IF0000,shen,MPB,5min,5min,300,300,6.586320489443409e-06,-0.0023942068331037625,118866
IH0000,raw,ALL,2s,2s,2,2,0.010622347952530364,0.008319574106310235,129588
IH0000,raw,VOI,2s,2s,2,2,0.00813549180296147,0.005401639835431293,129588
IH0000,raw,OIR,2s,2s,2,2,0.0009602471288572278,0.0029974389725432316,129588
IH0000,raw,MPB,2s,2s,2,2,0.002822675886124393,0.0005588541743416497,129588
IH0000,raw,ALL,2s,10s,2,10,0.003652725003667423,0.003504323941368126,129444
IH0000,raw,VOI,2s,10s,2,10,0.00339745039934225,0.0027382010118109923,129444
IH0000,raw,OIR,2s,10s,2,10,6.910805300763823e-05,0.00024564137765081817,129444
IH0000,raw,MPB,2s,10s,2,10,0.00042419460181686297,0.0006286229268565036,129444
IH0000,raw,ALL,2s,1min,2,60,0.0002742075787530718,-0.00016328742507076832,128544
IH0000,raw,VOI,2s,1min,2,60,0.00021075713278828623,-0.00034275541613704164,128544
IH0000,raw,OIR,2s,1min,2,60,8.766567584450602e-05,-0.0005857498031305308,128544
IH0000,raw,MPB,2s,1min,2,60,1.6450267149914488e-05,-0.0005455176639574955,128544
IH0000,raw,ALL,2s,5min,2,300,9.093712537766585e-05,-0.002422023161198883,124224
IH0000,raw,VOI,2s,5min,2,300,3.457367103398834e-05,-0.0023356329676942345,124224
IH0000,raw,OIR,2s,5min,2,300,5.842184567594888e-05,-0.0025456985118552655,124224
IH0000,raw,MPB,2s,5min,2,300,1.1652832305975025e-05,-0.002412929358149851,124224
IH0000,raw,ALL,20s,2s,20,2,0.001416594321367426,0.001323989828145522,129264
IH0000,raw,VOI,20s,2s,20,2,0.0013622510205130167,0.001155606691967126,129264
IH0000,raw,OIR,20s,2s,20,2,2.979221814580768e-05,5.507039860175311e-05,129264
IH0000,raw,MPB,20s,2s,20,2,7.293190692880813e-05,8.301181706737992e-05,129264
IH0000,raw,ALL,20s,10s,20,10,0.00045340786051839554,4.810572154223536e-05,129120
IH0000,raw,VOI,20s,10s,20,10,0.00036664551884335594,0.00042297949907099675,129120
IH0000,raw,OIR,20s,10s,20,10,4.985208402419339e-06,-0.00014116122725860158,129120
IH0000,raw,MPB,20s,10s,20,10,3.9360223722528787e-05,-0.000325503737431454,129120
IH0000,raw,ALL,20s,1min,20,60,0.0005193283644854274,-0.001393206978428374,128220
IH0000,raw,VOI,20s,1min,20,60,0.0003645551853820317,-0.0011129308495541057,128220
IH0000,raw,OIR,20s,1min,20,60,0.00015990336859295073,-0.0009685849912990374,128220
IH0000,raw,MPB,20s,1min,20,60,4.3632301995555345e-05,-0.0011045091816752617,128220
IH0000,raw,ALL,20s,5min,20,300,0.00042764708338138835,-0.0037844896560097485,123900
IH0000,raw,VOI,20s,5min,20,300,0.00017611084843371927,-0.002903726665619333,123900
IH0000,raw,OIR,20s,5min,20,300,0.00019603880115204309,-0.0030639716856726285,123900
IH0000,raw,MPB,20s,5min,20,300,1.0160521202173811e-05,-0.002383428210767091,123900
IH0000,raw,ALL,1min,2s,60,2,0.00020989574772822817,0.000285446246409915,128544
IH0000,raw,VOI,1min,2s,60,2,0.0001617677113551208,0.00023355183214923692,128544
IH0000,raw,OIR,1min,2s,60,2,3.539756109383063e-05,6.004573165463434e-06,128544
IH0000,raw,MPB,1min,2s,60,2,5.962615558963158e-06,2.7285802813747928e-05,128544
IH0000,raw,ALL,1min,10s,60,10,9.38286441061198e-05,-0.00040485719286897925,128400
IH0000,raw,VOI,1min,10s,60,10,2.8221467969324898e-05,-0.00024038336934162352,128400
IH0000,raw,OIR,1min,10s,60,10,6.46950862378537e-05,-0.0002003628448448147,128400
IH0000,raw,MPB,1min,10s,60,10,2.969826702592382e-05,-0.000390150856410143,128400
IH0000,raw,ALL,1min,1min,60,60,0.0009813936457312433,-0.0017860642039146946,127500
IH0000,raw,VOI,1min,1min,60,60,0.0006306838860100639,-0.0008589368353169036,127500
IH0000,raw,OIR,1min,1min,60,60,0.0003154206416295935,-0.0014476980792998972,127500
IH0000,raw,MPB,1min,1min,60,60,4.778432558527612e-07,-0.000723787057597125,127500
IH0000,raw,ALL,1min,5min,60,300,0.0012379892189736674,-0.006930417809728917,123180
IH0000,raw,VOI,1min,5min,60,300,0.0003829810792249644,-0.003385037825078152,123180
IH0000,raw,OIR,1min,5min,60,300,0.00031868698639436754,-0.0036289038640675564,123180
IH0000,raw,MPB,1min,5min,60,300,0.00020022398519070617,-0.002810495713111205,123180
IH0000,raw,ALL,5min,2s,300,2,4.087270656139008e-05,-3.6666263445450653e-06,124224
IH0000,raw,VOI,5min,2s,300,2,1.668702395529742e-05,3.470224601453964e-05,124224
IH0000,raw,OIR,5min,2s,300,2,1.203076149858262e-05,-3.480870628713717e-05,124224
IH0000,raw,MPB,5min,2s,300,2,9.517778853607162e-06,-2.2853055666294253e-05,124224
IH0000,raw,ALL,5min,10s,300,10,7.453767521503618e-05,-0.0003820056002832306,124080
IH0000,raw,VOI,5min,10s,300,10,1.1800390032234986e-05,-0.00014352391439476087,124080
IH0000,raw,OIR,5min,10s,300,10,2.8735723599626617e-05,-0.00019004454977955554,124080
IH0000,raw,MPB,5min,10s,300,10,1.0974475896929903e-05,-9.845303435196406e-05,124080
IH0000,raw,ALL,5min,1min,300,60,0.0009406656661561374,-0.004306279981035832,123180
IH0000,raw,VOI,5min,1min,300,60,0.00021557356409007689,-0.0011702042100207866,123180
IH0000,raw,OIR,5min,1min,300,60,0.00012658500845053045,-0.001120284930042681,123180
IH0000,raw,MPB,5min,1min,300,60,0.00026780620658106713,-0.0013631545229360054,123180
IH0000,raw,ALL,5min,5min,300,300,0.004147725568233951,-0.022621182601494594,118860
IH0000,raw,VOI,5min,5min,300,300,0.00024271330149272519,-0.004463900195053272,118860
IH0000,raw,OIR,5min,5min,300,300,0.0006990337632756249,-0.008785882358143038,118860
IH0000,raw,MPB,5min,5min,300,300,0.0017528011551353195,-0.008844136848427775,118860
IH0000,shen,ALL,2s,2s,2,2,0.00922116536388562,0.0070936925765386905,129588
IH0000,shen,VOI,2s,2s,2,2,0.006783616507292312,0.004674293749462599,129588
IH0000,shen,OIR,2s,2s,2,2,0.000600497119334853,0.002216617373226315,129588
IH0000,shen,MPB,2s,2s,2,2,0.0026934613620348546,0.0005739681270592323,129588
IH0000,shen,ALL,2s,10s,2,10,0.0028468170386043434,0.0028589307570885403,129444
IH0000,shen,VOI,2s,10s,2,10,0.002550874931630087,0.002356805634626591,129444
IH0000,shen,OIR,2s,10s,2,10,1.6708810995136325e-05,5.824996822145767e-05,129444
IH0000,shen,MPB,2s,10s,2,10,0.0004185099627624922,0.00038101191931338985,129444
IH0000,shen,ALL,2s,1min,2,60,0.00011979546706442079,-0.00033095805858351923,128544
IH0000,shen,VOI,2s,1min,2,60,5.17107606378131e-05,-0.0005493795204492002,128544
IH0000,shen,OIR,2s,1min,2,60,6.193225019313076e-05,-0.0005940248235951628,128544
IH0000,shen,MPB,2s,1min,2,60,2.055913815457444e-05,-0.0005416047780872901,128544
IH0000,shen,ALL,2s,5min,2,300,7.852866414881365e-05,-0.0025000538034103403,124224
IH0000,shen,VOI,2s,5min,2,300,1.2370730035904387e-06,-0.0024260746626239005,124224
IH0000,shen,OIR,2s,5min,2,300,5.792447972141623e-05,-0.002537962486534484,124224
IH0000,shen,MPB,2s,5min,2,300,2.1464644546553835e-05,-0.002405673233709882,124224
IH0000,shen,ALL,20s,2s,20,2,0.0008513545636052999,0.0010534557833770108,129264
IH0000,shen,VOI,20s,2s,20,2,0.0007919516163181761,0.0009040804718609685,129264
IH0000,shen,OIR,20s,2s,20,2,5.025787082391098e-06,1.5739116891566596e-05,129264
IH0000,shen,MPB,20s,2s,20,2,9.311008102141916e-05,3.905273000159859e-05,129264
IH0000,shen,ALL,20s,10s,20,10,7.349465527262122e-05,-2.196416051991612e-05,129120
IH0000,shen,VOI,20s,10s,20,10,4.025136378549288e-05,9.034644456595853e-05,129120
IH0000,shen,OIR,20s,10s,20,10,2.726932027963258e-06,-9.826210113583755e-05,129120
IH0000,shen,MPB,20s,10s,20,10,1.9447265906746836e-05,-0.0002114321521848872,129120
IH0000,shen,ALL,20s,1min,20,60,0.0011343458131815032,-0.0013186257603132745,128220
IH0000,shen,VOI,20s,1min,20,60,0.001000337778320648,-0.0012021484724644704,128220
IH0000,shen,OIR,20s,1min,20,60,0.0001812202078284031,-0.0009850852176391811,128220
IH0000,shen,MPB,20s,1min,20,60,2.5967776395852127e-05,-0.0010219004795128939,128220
IH0000,shen,ALL,20s,5min,20,300,0.0008018485430546507,-0.003947986898508171,123900
IH0000,shen,VOI,20s,5min,20,300,0.00047806061640531805,-0.0030764862601508902,123900
IH0000,shen,OIR,20s,5min,20,300,0.00024077500122687834,-0.0031097140866405137,123900
IH0000,shen,MPB,20s,5min,20,300,2.7824114733898675e-05,-0.002367347518480001,123900
IH0000,shen,ALL,1min,2s,60,2,8.357697738636816e-05,0.00018068436768914342,128544
IH0000,shen,VOI,1min,2s,60,2,4.012334736225309e-05,7.746146827858347e-05,128544
IH0000,shen,OIR,1min,2s,60,2,2.6328731613567413e-05,8.241005265530177e-06,128544
IH0000,shen,MPB,1min,2s,60,2,9.196849771186955e-06,3.779473854292892e-05,128544
IH0000,shen,ALL,1min,10s,60,10,0.0002487507877637629,-0.00037446967155974065,128400
IH0000,shen,VOI,1min,10s,60,10,0.00020784953247454663,-0.00035265413486107455,128400
IH0000,shen,OIR,1min,10s,60,10,6.293175860172529e-05,-0.00018925703464711674,128400
IH0000,shen,MPB,1min,10s,60,10,1.965177892104819e-05,-0.0003331703699280819,128400
IH0000,shen,ALL,1min,1min,60,60,0.0018544311534969271,-0.0021171564312010283,127500
IH0000,shen,VOI,1min,1min,60,60,0.0014631811838591302,-0.0011441994377059395,127500
IH0000,shen,OIR,1min,1min,60,60,0.00035535717913826037,-0.0016405843521800634,127500
IH0000,shen,MPB,1min,1min,60,60,4.2753339069001584e-07,-0.0007245395938613175,127500
IH0000,shen,ALL,1min,5min,60,300,0.0017358342803301952,-0.006694890800219344,123180
IH0000,shen,VOI,1min,5min,60,300,0.0007305978767839783,-0.003496743800206703,123180
IH0000,shen,OIR,1min,5min,60,300,0.00040040848884004276,-0.00372509792015685,123180
IH0000,shen,MPB,1min,5min,60,300,0.00023634804426608813,-0.0026652004920357797,123180
IH0000,shen,ALL,5min,2s,300,2,4.197175434761391e-05,-6.108985203878703e-05,124224
IH0000,shen,VOI,5min,2s,300,2,1.0214339214442703e-06,-2.5831173731116763e-06,124224
IH0000,shen,OIR,5min,2s,300,2,1.4265738001673078e-05,-3.9177455257943805e-05,124224
IH0000,shen,MPB,5min,2s,300,2,1.5831717123382383e-05,-2.6055639366973082e-05,124224
IH0000,shen,ALL,5min,10s,300,10,0.00018376234110151213,-0.000529803155205455,124080
IH0000,shen,VOI,5min,10s,300,10,7.342973555235499e-05,-0.00022226700690208823,124080
IH0000,shen,OIR,5min,10s,300,10,4.335157481227814e-05,-0.00022770759915768934,124080
IH0000,shen,MPB,5min,10s,300,10,2.3660977173101116e-05,-0.00010729793107033814,124080
IH0000,shen,ALL,5min,1min,300,60,0.0012822680428332678,-0.0041645535704508685,123180
IH0000,shen,VOI,5min,1min,300,60,0.0004062332786680667,-0.0012450721619046146,123180
IH0000,shen,OIR,5min,1min,300,60,0.00021304210388628508,-0.0013838731334470111,123180
IH0000,shen,MPB,5min,1min,300,60,0.00030265812869423314,-0.0011940051193759516,123180
IH0000,shen,ALL,5min,5min,300,300,0.00368691817514355,-0.01774539445005585,118860
IH0000,shen,VOI,5min,5min,300,300,0.00043663011693351184,-0.004510846291360782,118860
IH0000,shen,OIR,5min,5min,300,300,0.0006419799073466015,-0.008204372230427248,118860
IH0000,shen,MPB,5min,5min,300,300,0.0014410561339189831,-0.006952981127655855,118860
IM0000,raw,ALL,2s,2s,2,2,0.015680993931976084,0.014303764174945055,129596
IM0000,raw,VOI,2s,2s,2,2,0.01210263841167536,0.012138210907421176,129596
IM0000,raw,OIR,2s,2s,2,2,0.00010817128603013426,-0.00016483747257134418,129596
IM0000,raw,MPB,2s,2s,2,2,0.00520779231382984,0.004174950993132254,129596
IM0000,raw,ALL,2s,10s,2,10,0.0027397283003175454,0.0011902444015143843,129452
IM0000,raw,VOI,2s,10s,2,10,0.00142974495621484,0.0009154384766623114,129452
IM0000,raw,OIR,2s,10s,2,10,8.668267040135014e-05,-9.406286839985789e-05,129452
IM0000,raw,MPB,2s,10s,2,10,0.0015760759515041078,0.0005430307360040354,129452
IM0000,raw,ALL,2s,1min,2,60,0.00024879421611023744,0.0003964628955143157,128552
IM0000,raw,VOI,2s,1min,2,60,0.00010973551482318378,9.892375947317955e-05,128552
IM0000,raw,OIR,2s,1min,2,60,7.074707753074172e-06,-7.350273473472058e-05,128552
IM0000,raw,MPB,2s,1min,2,60,0.00016436481268133907,0.00021881534085266274,128552
IM0000,raw,ALL,2s,5min,2,300,9.51138306601873e-05,-0.00032495416531208576,124232
IM0000,raw,VOI,2s,5min,2,300,7.292209987319609e-05,-0.00038798311538035257,124232
IM0000,raw,OIR,2s,5min,2,300,2.9233457997657197e-06,-0.0003326705238844152,124232
IM0000,raw,MPB,2s,5min,2,300,2.912064086857402e-05,-0.00028072203709594845,124232
IM0000,raw,ALL,20s,2s,20,2,0.0007946827308834559,0.0005738290457271145,129272
IM0000,raw,VOI,20s,2s,20,2,0.00029984399352889213,0.00035855457336164687,129272
IM0000,raw,OIR,20s,2s,20,2,3.77152765368427e-05,-6.55028898766119e-06,129272
IM0000,raw,MPB,20s,2s,20,2,0.0006474520957066021,0.000374569139911185,129272
IM0000,raw,ALL,20s,10s,20,10,0.0004237517946624747,0.00012033606734929148,129128
IM0000,raw,VOI,20s,10s,20,10,0.00020581657883533833,-0.00030780963677368156,129128
IM0000,raw,OIR,20s,10s,20,10,7.184603047849514e-05,6.862872804780373e-05,129128
IM0000,raw,MPB,20s,10s,20,10,0.00011187652518007685,0.00031290007420259336,129128
IM0000,raw,ALL,20s,1min,20,60,0.00015644727504582345,-0.0003252333230032711,128228
IM0000,raw,VOI,20s,1min,20,60,0.0001113374128486333,-0.00027279820913106434,128228
IM0000,raw,OIR,20s,1min,20,60,1.8841724125251424e-05,-0.0002631662327963191,128228
IM0000,raw,MPB,20s,1min,20,60,4.423586688062642e-07,-4.7315807521153275e-05,128228
IM0000,raw,ALL,20s,5min,20,300,4.384294405335165e-05,-0.0005895899726702236,123908
IM0000,raw,VOI,20s,5min,20,300,2.8291063690177864e-05,-0.0004589311534146656,123908
IM0000,raw,OIR,20s,5min,20,300,2.775060800375151e-06,-0.0003742784246449915,123908
IM0000,raw,MPB,20s,5min,20,300,6.737183261384949e-06,-0.0003997361918224307,123908
IM0000,raw,ALL,1min,2s,60,2,0.00014529414689334885,0.00022197734276241388,128552
IM0000,raw,VOI,1min,2s,60,2,7.185253176944517e-05,0.00012339944452877116,128552
IM0000,raw,OIR,1min,2s,60,2,4.609451259462993e-06,1.755112239198997e-05,128552
IM0000,raw,MPB,1min,2s,60,2,0.00011658349276288948,0.00016902139788255166,128552
IM0000,raw,ALL,1min,10s,60,10,0.00010080427376946144,-1.4036293726871207e-05,128408
IM0000,raw,VOI,1min,10s,60,10,5.244397037440507e-05,-0.00015453390752062646,128408
IM0000,raw,OIR,1min,10s,60,10,3.668526221689561e-07,7.0467595122414295e-06,128408
IM0000,raw,MPB,1min,10s,60,10,1.586740694659028e-05,0.00012271274837472035,128408
IM0000,raw,ALL,1min,1min,60,60,0.00043779466110416276,-0.001140101267549598,127508
IM0000,raw,VOI,1min,1min,60,60,3.4451941665181174e-05,-6.511743963688588e-05,127508
IM0000,raw,OIR,1min,1min,60,60,0.0003577357965679484,-0.0013674804161418752,127508
IM0000,raw,MPB,1min,1min,60,60,1.5155813892220316e-05,0.00010976208789470476,127508
IM0000,raw,ALL,1min,5min,60,300,0.0005019381633826203,-0.0014864128706015833,123188
IM0000,raw,VOI,1min,5min,60,300,0.0003080186361248405,-0.000987028500399001,123188
IM0000,raw,OIR,1min,5min,60,300,5.575963079673674e-05,-0.0006370958916039893,123188
IM0000,raw,MPB,1min,5min,60,300,5.447196541985555e-05,-0.000496145876506926,123188
IM0000,raw,ALL,5min,2s,300,2,3.375359278223744e-05,2.108621219221174e-05,124232
IM0000,raw,VOI,5min,2s,300,2,3.232601185831907e-05,1.3040687479426438e-05,124232
IM0000,raw,OIR,5min,2s,300,2,6.32464043359704e-08,-1.1630835443643406e-06,124232
IM0000,raw,MPB,5min,2s,300,2,1.0623925268182788e-05,2.4650159706318675e-05,124232
IM0000,raw,ALL,5min,10s,300,10,1.5499042124611506e-05,-4.978750244477581e-05,124088
IM0000,raw,VOI,5min,10s,300,10,1.0511116887101934e-05,-8.27093769650844e-06,124088
IM0000,raw,OIR,5min,10s,300,10,1.4130484468077853e-06,-2.606954919981419e-05,124088
IM0000,raw,MPB,5min,10s,300,10,6.702365454858139e-07,-2.842723142348902e-05,124088
IM0000,raw,ALL,5min,1min,300,60,0.00047681621740902624,-0.0005844503236314136,123188
IM0000,raw,VOI,5min,1min,300,60,0.0002501861712277398,-0.00012334526325252781,123188
IM0000,raw,OIR,5min,1min,300,60,0.00010038223371844346,-0.0004885667381517855,123188
IM0000,raw,MPB,5min,1min,300,60,5.214087958649305e-05,-0.00030499357407087757,123188
IM0000,raw,ALL,5min,5min,300,300,0.00234779024504006,-0.0029688896661415054,118868
IM0000,raw,VOI,5min,5min,300,300,0.0009313171256335462,-0.0014847379156059937,118868
IM0000,raw,OIR,5min,5min,300,300,0.0004573848955508053,-0.0028226905757324783,118868
IM0000,raw,MPB,5min,5min,300,300,0.0004904121812181472,-0.0013692837880363573,118868
IM0000,shen,ALL,2s,2s,2,2,0.012649620456794852,0.010591000510332238,129596
IM0000,shen,VOI,2s,2s,2,2,0.008864750169474522,0.007510530252653247,129596
IM0000,shen,OIR,2s,2s,2,2,0.00022010571064501327,-0.00014478519909433274,129596
IM0000,shen,MPB,2s,2s,2,2,0.0040295321414761665,0.004356490238884736,129596
IM0000,shen,ALL,2s,10s,2,10,0.0015874914227330672,0.000983254086025176,129452
IM0000,shen,VOI,2s,10s,2,10,0.0004914934540336535,0.0003757614649894103,129452
IM0000,shen,OIR,2s,10s,2,10,8.475189556478302e-05,-0.00013211595793283237,129452
IM0000,shen,MPB,2s,10s,2,10,0.001079233392175305,0.0008384154471610117,129452
IM0000,shen,ALL,2s,1min,2,60,0.0001541666931759167,0.0002473005036065512,128552
IM0000,shen,VOI,2s,1min,2,60,1.205498525769233e-05,-4.5169313323434324e-05,128552
IM0000,shen,OIR,2s,1min,2,60,6.480999633962092e-06,-6.266966650958494e-05,128552
IM0000,shen,MPB,2s,1min,2,60,0.000140754259267184,0.00015373961354925303,128552
IM0000,shen,ALL,2s,5min,2,300,3.267901498016368e-05,-0.0003301645733093661,124232
IM0000,shen,VOI,2s,5min,2,300,1.3373000450456196e-05,-0.00036706326316870985,124232
IM0000,shen,OIR,2s,5min,2,300,1.14529930894669e-06,-0.0003371459704823998,124232
IM0000,shen,MPB,2s,5min,2,300,1.979253944162096e-05,-0.00031352389427952154,124232
IM0000,shen,ALL,20s,2s,20,2,0.0007003567947583278,0.0004998028916582964,129272
IM0000,shen,VOI,20s,2s,20,2,3.8806714997452474e-05,9.871958537133185e-05,129272
IM0000,shen,OIR,20s,2s,20,2,3.168889866012048e-05,-1.3119079826262592e-05,129272
IM0000,shen,MPB,20s,2s,20,2,0.0006853452853102793,0.000473448504090479,129272
IM0000,shen,ALL,20s,10s,20,10,0.0009166056553732149,-1.5617450666916e-05,129128
IM0000,shen,VOI,20s,10s,20,10,0.0005530827087925072,-0.0005489529987303676,129128
IM0000,shen,OIR,20s,10s,20,10,3.217003693700704e-05,6.632945359241749e-05,129128
IM0000,shen,MPB,20s,10s,20,10,0.0002731362577447216,0.0004001012627371514,129128
IM0000,shen,ALL,20s,1min,20,60,0.00021188169031705062,-0.0007154743320698653,128228
IM0000,shen,VOI,20s,1min,20,60,0.00015733998022615658,-0.00036295615022341465,128228
IM0000,shen,OIR,20s,1min,20,60,3.305908946205083e-05,-0.00043777566578806493,128228
IM0000,shen,MPB,20s,1min,20,60,6.64516934478776e-07,-5.102497966213981e-05,128228
IM0000,shen,ALL,20s,5min,20,300,2.4784853566162113e-05,-0.0004524106171104325,123908
IM0000,shen,VOI,20s,5min,20,300,7.527287193553889e-08,-0.00032731063362034796,123908
IM0000,shen,OIR,20s,5min,20,300,8.215583822468453e-06,-0.0004049207812235611,123908
IM0000,shen,MPB,20s,5min,20,300,2.026613799566146e-05,-0.00040129561759494337,123908
IM0000,shen,ALL,1min,2s,60,2,0.00011162648758933358,0.00018392347844964352,128552
IM0000,shen,VOI,1min,2s,60,2,8.404173047482644e-06,3.827191659677709e-05,128552
IM0000,shen,OIR,1min,2s,60,2,5.01779737671626e-06,2.8212952217554488e-05,128552
IM0000,shen,MPB,1min,2s,60,2,0.00011039223896758266,0.00017342560247290972,128552
IM0000,shen,ALL,1min,10s,60,10,0.0001605167560554399,-0.00021372482831560902,128408
IM0000,shen,VOI,1min,10s,60,10,0.00011419834518844318,-0.00022987716658784407,128408
IM0000,shen,OIR,1min,10s,60,10,8.786877826461037e-07,-4.55121860976071e-05,128408
IM0000,shen,MPB,1min,10s,60,10,1.5710229382182028e-05,9.602725315294158e-05,128408
IM0000,shen,ALL,1min,1min,60,60,0.0002844306406968311,-0.0015298617416934501,127508
IM0000,shen,VOI,1min,1min,60,60,6.210785625460069e-06,-6.493523203432439e-05,127508
IM0000,shen,OIR,1min,1min,60,60,0.00028308493912421184,-0.0015249256423164326,127508
IM0000,shen,MPB,1min,1min,60,60,1.566620741899616e-05,-0.00018281082219884226,127508
IM0000,shen,ALL,1min,5min,60,300,0.00031821060657721834,-0.0010533324164567759,123188
IM0000,shen,VOI,1min,5min,60,300,9.82057626586208e-05,-0.0006894233557313001,123188
IM0000,shen,OIR,1min,5min,60,300,5.10153525967727e-05,-0.0006190229453610918,123188
IM0000,shen,MPB,1min,5min,60,300,0.00015437545735630387,-0.0005263375886837007,123188
IM0000,shen,ALL,5min,2s,300,2,1.0333077819391079e-05,1.59139591221491e-05,124232
IM0000,shen,VOI,5min,2s,300,2,7.22643966599712e-06,7.952163615376762e-06,124232
IM0000,shen,OIR,5min,2s,300,2,2.3829894724158862e-09,-2.2955456515649786e-06,124232
IM0000,shen,MPB,5min,2s,300,2,5.321790337298182e-06,1.219917293848738e-05,124232
IM0000,shen,ALL,5min,10s,300,10,1.0031202669402717e-05,-5.9196703799280215e-05,124088
IM0000,shen,VOI,5min,10s,300,10,5.6049142216352266e-08,-1.4524141456417894e-05,124088
IM0000,shen,OIR,5min,10s,300,10,4.342319183225918e-06,-3.6708244799177336e-05,124088
IM0000,shen,MPB,5min,10s,300,10,8.073482738457649e-06,-4.78712826488259e-05,124088
IM0000,shen,ALL,5min,1min,300,60,0.0004138715558068551,-0.00041990496874166894,123188
IM0000,shen,VOI,5min,1min,300,60,0.00011036243716100458,-3.322124491234035e-05,123188
IM0000,shen,OIR,5min,1min,300,60,9.172494303189005e-05,-0.0004543306029980432,123188
IM0000,shen,MPB,5min,1min,300,60,0.00018725184626045,-0.0003996282944835894,123188
IM0000,shen,ALL,5min,5min,300,300,0.0016896860018530413,-0.003367588045316783,118868
IM0000,shen,VOI,5min,5min,300,300,0.0006183601842832953,-0.0011252244672796952,118868
IM0000,shen,OIR,5min,5min,300,300,0.000822941484947215,-0.003358770638759667,118868
IM0000,shen,MPB,5min,5min,300,300,0.00029170757689356286,-0.0014490559954762894,118868
