fam,side,tod,hm,n,mean_hiLiq,mean_loLiq,t_hi_minus_lo,corr_liq_sfwd
IC,up,781,13:01,59,23.22,-6.51,1.41,0.107
IC,up,782,13:02,60,19.73,-1.99,1.0,0.105
IC,up,783,13:03,64,19.43,-7.0,1.29,0.087
IC,up,784,13:04,63,9.88,-0.12,0.47,0.046
IC,up,785,13:05,64,5.07,-0.18,0.25,0.036
IC,up,786,13:06,62,11.13,-3.2,0.68,0.099
IC,up,787,13:07,60,9.68,0.63,0.42,0.117
IC,up,788,13:08,62,8.98,-2.73,0.57,0.103
IC,up,789,13:09,59,15.92,-9.65,1.21,0.139
IC,up,790,13:10,59,18.55,-9.83,1.39,0.155
IC,up,791,13:11,60,18.16,-6.93,1.26,0.135
IC,up,792,13:12,59,19.22,-5.1,1.22,0.16
IC,up,793,13:13,58,20.08,-5.55,1.25,0.179
IC,up,794,13:14,60,11.75,0.38,0.57,0.179
IC,up,795,13:15,61,17.49,-0.64,0.93,0.225
IC,up,796,13:16,58,19.52,-4.33,1.17,0.249
IC,up,797,13:17,61,15.47,0.55,0.76,0.253
IC,up,798,13:18,61,18.6,-0.39,0.98,0.221
IC,up,799,13:19,63,16.64,0.3,0.86,0.201
IC,up,800,13:20,63,22.57,8.41,0.83,0.19
IC,up,801,13:21,61,25.24,0.82,1.38,0.267
IC,up,802,13:22,62,21.7,7.74,0.77,0.162
IC,up,803,13:23,64,22.69,8.26,0.83,0.187
IC,up,804,13:24,64,23.56,-1.15,1.42,0.264
IC,up,805,13:25,67,23.35,3.92,1.14,0.244
IC,up,806,13:26,65,27.92,3.55,1.42,0.28
IC,up,807,13:27,63,31.06,-1.37,1.91,0.33
IC,up,808,13:28,64,28.02,-1.44,1.73,0.329
IC,up,809,13:29,65,22.06,0.99,1.27,0.296
IC,up,810,13:30,40,2.48,15.03,-0.53,0.143
IC,up,811,13:31,67,22.98,-3.99,1.76,0.286
IC,up,812,13:32,67,21.85,-2.58,1.63,0.188
IC,up,813,13:33,70,20.13,-1.65,1.51,0.262
IC,up,814,13:34,68,23.52,-7.13,2.09,0.269
IC,up,815,13:35,67,21.24,-1.67,1.54,0.197
IC,up,816,13:36,67,17.75,-4.06,1.48,0.203
IC,up,817,13:37,66,17.5,-2.57,1.33,0.226
IC,up,818,13:38,67,15.59,1.17,0.98,0.225
IC,up,819,13:39,67,10.71,11.76,-0.08,0.11
IC,up,820,13:40,65,11.1,11.2,-0.01,0.096
IC,up,821,13:41,71,9.49,-0.77,0.74,0.231
IC,up,822,13:42,70,9.99,-2.14,0.84,0.279
IC,up,823,13:43,69,6.81,-0.39,0.5,0.229
IC,up,824,13:44,68,5.27,4.64,0.05,0.168
IC,up,825,13:45,66,5.09,7.64,-0.2,0.165
IC,up,826,13:46,68,7.29,2.61,0.37,0.173
IC,up,827,13:47,70,13.49,1.51,0.96,0.213
IC,up,828,13:48,71,9.72,4.46,0.44,0.176
IC,up,829,13:49,72,11.22,4.4,0.6,0.157
IC,up,830,13:50,72,8.8,7.48,0.11,0.164
IC,up,831,13:51,75,8.01,8.62,-0.06,0.12
IC,up,832,13:52,75,7.27,7.16,0.01,0.103
IC,up,833,13:53,76,5.05,9.48,-0.42,0.072
IC,up,834,13:54,77,6.31,11.59,-0.51,0.069
IC,up,835,13:55,77,6.08,10.53,-0.44,0.082
IC,up,836,13:56,76,6.56,11.98,-0.54,0.057
IC,up,837,13:57,76,4.56,14.18,-0.98,0.067
IC,up,838,13:58,80,1.84,14.33,-1.32,0.043
IC,up,839,13:59,77,3.28,15.62,-1.28,0.005
IC,up,840,14:00,77,5.28,10.18,-0.52,0.03
IC,up,841,14:01,77,-1.0,7.51,-0.89,0.045
IC,up,842,14:02,80,0.69,7.21,-0.7,0.036
IC,up,843,14:03,79,0.34,11.07,-1.16,0.026
IC,up,844,14:04,80,1.44,9.33,-0.88,-0.024
IC,up,845,14:05,82,-4.02,12.81,-1.86,-0.071
IC,up,846,14:06,80,-3.41,9.49,-1.38,-0.058
IC,up,847,14:07,81,-1.53,10.95,-1.35,-0.047
IC,up,848,14:08,81,1.32,9.69,-0.92,-0.041
IC,up,849,14:09,79,1.43,10.88,-1.09,-0.055
IC,up,850,14:10,80,-0.21,9.23,-1.13,-0.05
IC,up,851,14:11,81,0.12,12.69,-1.54,-0.109
IC,up,852,14:12,78,0.84,15.59,-1.74,-0.15
IC,up,853,14:13,81,-1.27,13.67,-1.87,-0.106
IC,up,854,14:14,81,0.26,12.6,-1.47,-0.118
IC,up,855,14:15,81,-1.06,14.33,-1.83,-0.148
IC,up,856,14:16,81,-1.47,11.41,-1.58,-0.146
IC,up,857,14:17,79,-0.38,10.75,-1.34,-0.138
IC,up,858,14:18,78,-2.67,12.92,-1.89,-0.129
IC,up,859,14:19,78,-1.16,10.96,-1.5,-0.096
IC,up,860,14:20,78,2.71,9.01,-0.79,-0.106
IC,up,861,14:21,79,1.64,10.65,-1.18,-0.112
IC,up,862,14:22,79,2.45,9.68,-0.93,-0.087
IC,up,863,14:23,80,1.41,11.13,-1.35,-0.099
IC,up,864,14:24,81,-0.25,10.11,-1.52,-0.115
IC,up,865,14:25,82,0.47,8.81,-1.28,-0.096
IC,up,866,14:26,82,0.73,9.52,-1.38,-0.097
IC,up,867,14:27,82,3.85,9.63,-0.89,-0.097
IC,up,868,14:28,85,1.24,9.39,-1.25,-0.083
IC,up,869,14:29,84,0.05,9.93,-1.55,-0.083
IC,up,870,14:30,84,0.18,9.03,-1.38,-0.09
IC,up,871,14:31,86,-2.03,4.3,-1.02,-0.105
IC,up,872,14:32,86,2.01,5.78,-0.61,-0.139
IC,up,873,14:33,81,2.39,4.68,-0.38,-0.06
IC,up,874,14:34,81,3.34,5.34,-0.33,-0.066
IC,up,875,14:35,79,3.82,5.71,-0.33,-0.057
IC,up,876,14:36,81,3.37,5.34,-0.34,-0.056
IC,up,877,14:37,82,5.16,9.05,-0.7,-0.101
IC,up,878,14:38,79,0.39,11.31,-1.94,-0.115
IC,up,879,14:39,79,2.15,8.98,-1.3,-0.044
IC,up,880,14:40,78,3.3,7.54,-0.82,0.065
IC,up,881,14:41,78,3.43,7.15,-0.73,0.024
IC,up,882,14:42,80,2.96,6.28,-0.73,-0.052
IC,up,883,14:43,81,3.61,7.12,-0.8,-0.084
IC,up,884,14:44,82,4.6,9.67,-1.25,-0.073
IC,up,885,14:45,82,3.89,6.24,-0.56,-0.056
IC,up,886,14:46,80,2.37,7.53,-1.24,-0.041
IC,up,887,14:47,81,2.41,5.9,-0.91,-0.059
IC,up,888,14:48,83,-0.03,2.87,-0.78,-0.045
IC,up,889,14:49,83,-1.27,3.09,-1.26,-0.086
IC,up,890,14:50,82,-0.95,2.26,-1.01,-0.121
IC,up,891,14:51,79,2.22,2.94,-0.22,-0.089
IC,up,892,14:52,81,2.46,4.01,-0.49,-0.089
IC,up,893,14:53,82,0.75,2.75,-0.69,-0.027
IC,up,894,14:54,80,0.4,2.29,-0.64,-0.079
IC,up,895,14:55,79,1.03,3.18,-0.78,-0.114
IC,up,896,14:56,78,2.3,6.03,-1.58,-0.135
IC,up,897,14:57,78,-0.69,2.53,-1.49,-0.1
IC,up,898,14:58,79,0.96,2.55,-0.92,-0.094
IC,up,899,14:59,83,0.43,0.92,-0.41,0.017
IC,down,781,13:01,47,-14.83,-7.65,-0.23,-0.081
IC,down,782,13:02,41,-12.38,5.2,-0.55,-0.08
IC,down,783,13:03,44,-9.5,3.16,-0.43,-0.081
IC,down,784,13:04,46,-20.07,16.88,-1.34,-0.137
IC,down,785,13:05,42,-4.72,3.09,-0.25,-0.101
IC,down,786,13:06,46,-10.37,1.87,-0.4,-0.083
IC,down,787,13:07,47,-12.68,5.78,-0.61,-0.106
IC,down,788,13:08,52,-5.78,7.09,-0.46,-0.102
IC,down,789,13:09,54,-13.49,12.5,-0.94,-0.113
IC,down,790,13:10,53,-8.43,20.44,-1.08,-0.0
IC,down,791,13:11,54,-5.65,12.92,-0.69,-0.001
IC,down,792,13:12,54,5.96,14.2,-0.32,0.01
IC,down,793,13:13,54,-0.99,10.18,-0.42,0.03
IC,down,794,13:14,54,-4.52,16.46,-0.76,0.023
IC,down,795,13:15,52,-4.56,22.65,-1.0,0.037
IC,down,796,13:16,51,-4.39,22.05,-0.95,0.035
IC,down,797,13:17,51,-0.39,23.31,-0.89,0.065
IC,down,798,13:18,53,5.33,13.94,-0.32,0.121
IC,down,799,13:19,53,4.04,18.85,-0.55,0.099
IC,down,800,13:20,51,9.84,24.61,-0.58,0.094
IC,down,801,13:21,54,6.6,32.03,-1.04,0.04
IC,down,802,13:22,52,10.48,17.99,-0.3,0.104
IC,down,803,13:23,57,3.4,17.17,-0.53,0.011
IC,down,804,13:24,54,0.92,12.79,-0.46,0.031
IC,down,805,13:25,55,-7.62,21.98,-1.14,0.017
IC,down,806,13:26,56,-8.13,18.22,-1.02,0.048
IC,down,807,13:27,54,4.42,12.24,-0.31,0.033
IC,down,808,13:28,54,5.6,8.28,-0.11,0.044
IC,down,809,13:29,52,-2.53,18.64,-0.83,0.044
IC,down,810,13:30,32,23.12,-0.58,0.8,0.05
IC,down,811,13:31,54,-0.34,18.77,-0.78,0.074
IC,down,812,13:32,55,-1.66,8.72,-0.42,0.072
IC,down,813,13:33,55,2.22,-0.0,0.09,0.042
IC,down,814,13:34,56,-15.75,10.67,-1.04,0.044
IC,down,815,13:35,57,12.67,-0.79,0.54,0.051
IC,down,816,13:36,55,2.7,18.65,-0.69,0.045
IC,down,817,13:37,58,3.11,16.02,-0.57,0.055
IC,down,818,13:38,57,2.13,13.86,-0.53,0.067
IC,down,819,13:39,56,3.66,14.33,-0.47,0.068
IC,down,820,13:40,58,9.59,10.24,-0.03,0.054
IC,down,821,13:41,56,8.35,7.81,0.02,0.083
IC,down,822,13:42,53,1.68,11.17,-0.45,0.076
IC,down,823,13:43,51,8.67,7.04,0.08,0.077
IC,down,824,13:44,53,2.44,4.58,-0.1,0.079
IC,down,825,13:45,53,2.27,3.71,-0.07,0.058
IC,down,826,13:46,54,9.11,-3.54,0.53,0.063
IC,down,827,13:47,54,10.92,-4.86,0.68,0.061
IC,down,828,13:48,53,3.89,6.22,-0.1,0.01
IC,down,829,13:49,55,4.89,3.57,0.06,0.01
IC,down,830,13:50,53,1.9,4.23,-0.1,0.023
IC,down,831,13:51,55,8.82,-0.15,0.41,0.069
IC,down,832,13:52,53,3.68,3.37,0.01,0.059
IC,down,833,13:53,53,1.53,-1.27,0.13,0.085
IC,down,834,13:54,53,5.11,-0.12,0.24,0.074
IC,down,835,13:55,51,10.59,0.71,0.47,0.102
IC,down,836,13:56,52,2.16,3.62,-0.07,0.064
IC,down,837,13:57,55,2.34,5.57,-0.17,0.074
IC,down,838,13:58,55,14.1,3.06,0.59,0.159
IC,down,839,13:59,52,13.08,-1.5,0.72,0.109
IC,down,840,14:00,55,13.26,-3.01,0.84,0.134
IC,down,841,14:01,57,8.49,-5.82,0.75,0.119
IC,down,842,14:02,55,18.23,-8.72,1.43,0.152
IC,down,843,14:03,56,10.3,-4.91,0.81,0.104
IC,down,844,14:04,53,8.46,-9.08,0.85,0.125
IC,down,845,14:05,53,17.23,-18.96,1.8,0.148
IC,down,846,14:06,51,16.23,-16.41,1.54,0.16
IC,down,847,14:07,52,10.48,-10.18,1.01,0.15
IC,down,848,14:08,53,1.08,-9.21,0.51,0.175
IC,down,849,14:09,53,0.78,-4.89,0.3,0.169
IC,down,850,14:10,53,-1.71,-7.8,0.33,0.105
IC,down,851,14:11,54,-0.91,-10.17,0.51,0.149
IC,down,852,14:12,55,-3.88,-11.3,0.4,0.235
IC,down,853,14:13,54,-6.17,-11.16,0.29,0.216
IC,down,854,14:14,54,0.31,-13.38,0.8,0.265
IC,down,855,14:15,55,-0.82,-9.82,0.52,0.233
IC,down,856,14:16,60,-2.31,-12.79,0.65,0.208
IC,down,857,14:17,59,-3.48,-6.52,0.2,0.16
IC,down,858,14:18,57,-7.68,-10.07,0.16,0.132
IC,down,859,14:19,58,-10.7,-13.06,0.16,0.092
IC,down,860,14:20,58,-10.82,-13.94,0.22,0.101
IC,down,861,14:21,57,-3.27,-16.97,0.89,0.155
IC,down,862,14:22,57,0.77,-15.54,1.09,0.159
IC,down,863,14:23,56,6.43,-16.03,1.57,0.204
IC,down,864,14:24,56,10.73,-18.54,2.08,0.2
IC,down,865,14:25,56,7.35,-15.54,1.72,0.173
IC,down,866,14:26,59,3.81,-17.04,1.61,0.187
IC,down,867,14:27,60,1.58,-15.0,1.29,0.177
IC,down,868,14:28,57,5.32,-19.78,1.92,0.205
IC,down,869,14:29,57,5.23,-15.42,1.68,0.194
IC,down,870,14:30,55,3.36,-16.07,1.52,0.177
IC,down,871,14:31,54,1.98,-14.66,1.29,0.188
IC,down,872,14:32,54,4.41,-20.58,1.93,0.161
IC,down,873,14:33,56,1.58,-23.99,2.12,0.16
IC,down,874,14:34,55,5.84,-28.13,2.62,0.197
IC,down,875,14:35,56,3.98,-26.72,2.47,0.253
IC,down,876,14:36,56,0.82,-26.67,2.35,0.26
IC,down,877,14:37,59,5.29,-27.76,2.89,0.265
IC,down,878,14:38,60,5.72,-27.19,2.85,0.228
IC,down,879,14:39,62,4.46,-25.51,2.76,0.198
IC,down,880,14:40,62,5.11,-24.77,2.91,0.213
IC,down,881,14:41,60,2.21,-21.93,2.27,0.191
IC,down,882,14:42,62,2.61,-20.93,2.3,0.228
IC,down,883,14:43,59,4.55,-21.55,2.49,0.26
IC,down,884,14:44,56,9.07,-16.45,2.66,0.331
IC,down,885,14:45,57,5.29,-20.0,2.95,0.284
IC,down,886,14:46,53,8.51,-20.41,3.21,0.327
IC,down,887,14:47,54,5.94,-19.92,2.79,0.314
IC,down,888,14:48,57,2.62,-18.45,2.57,0.203
IC,down,889,14:49,58,-0.13,-19.68,2.61,0.213
IC,down,890,14:50,56,-2.03,-17.26,2.12,0.175
IC,down,891,14:51,56,-1.95,-9.99,1.07,0.068
IC,down,892,14:52,57,-3.11,-9.11,1.03,0.132
IC,down,893,14:53,53,1.35,-5.9,1.32,0.134
IC,down,894,14:54,52,0.38,-4.67,1.1,0.252
IC,down,895,14:55,54,1.21,-3.86,1.3,0.204
IC,down,896,14:56,54,6.36,1.01,1.43,0.179
IC,down,897,14:57,55,4.27,-1.45,1.72,0.181
IC,down,898,14:58,57,5.55,4.08,0.53,-0.057
IC,down,899,14:59,59,3.51,2.4,0.67,-0.051
IF,up,781,13:01,32,6.27,-0.05,0.3,0.157
IF,up,782,13:02,33,4.11,5.67,-0.07,0.139
IF,up,783,13:03,33,6.9,-1.29,0.38,0.169
IF,up,784,13:04,34,9.2,-3.15,0.59,0.181
IF,up,785,13:05,32,1.7,-3.2,0.25,-0.012
IF,up,786,13:06,35,0.71,-3.85,0.25,0.028
IF,up,787,13:07,36,8.95,-4.77,0.72,0.18
IF,up,788,13:08,36,5.76,-3.91,0.51,0.141
IF,up,789,13:09,37,11.61,-5.1,0.9,0.177
IF,up,790,13:10,37,11.37,-5.13,0.9,0.193
IF,up,791,13:11,33,11.84,-1.17,0.65,0.155
IF,up,792,13:12,35,11.99,3.77,0.44,0.18
IF,up,793,13:13,35,11.61,0.9,0.57,0.226
IF,up,794,13:14,34,8.92,2.02,0.36,0.199
IF,up,795,13:15,34,12.11,14.84,-0.13,0.207
IF,up,796,13:16,35,11.93,14.54,-0.14,0.202
IF,up,797,13:17,34,13.99,11.92,0.1,0.236
IF,up,798,13:18,33,1.24,3.95,-0.14,0.034
IF,up,799,13:19,32,14.26,14.48,-0.01,0.156
IF,up,800,13:20,32,12.21,14.77,-0.12,0.106
IF,up,801,13:21,31,14.24,16.46,-0.1,0.145
IF,up,802,13:22,32,19.44,9.26,0.5,0.153
IF,up,803,13:23,31,15.06,7.01,0.4,0.147
IF,up,804,13:24,30,16.47,6.24,0.48,0.193
IF,up,805,13:25,30,18.12,7.61,0.49,0.191
IF,up,806,13:26,29,18.97,4.08,0.69,0.195
IF,up,807,13:27,31,14.21,7.11,0.35,0.178
IF,up,808,13:28,30,14.95,8.76,0.3,0.224
IF,up,809,13:29,30,12.62,10.48,0.1,0.198
IF,up,810,13:30,23,21.49,5.21,0.8,0.26
IF,up,811,13:31,33,13.46,10.84,0.14,0.212
IF,up,812,13:32,33,12.71,4.07,0.47,0.137
IF,up,813,13:33,33,10.09,10.3,-0.01,0.18
IF,up,814,13:34,33,15.8,9.25,0.36,0.158
IF,up,815,13:35,31,9.34,8.92,0.02,0.163
IF,up,816,13:36,32,9.5,3.9,0.31,0.194
IF,up,817,13:37,33,14.05,6.92,0.41,0.202
IF,up,818,13:38,35,9.14,10.69,-0.09,0.149
IF,up,819,13:39,34,7.97,9.96,-0.11,0.151
IF,up,820,13:40,31,2.32,19.3,-0.99,0.03
IF,up,821,13:41,35,8.59,13.26,-0.29,0.15
IF,up,822,13:42,36,9.18,8.3,0.05,0.23
IF,up,823,13:43,33,6.63,12.35,-0.34,0.109
IF,up,824,13:44,32,5.28,13.2,-0.44,0.108
IF,up,825,13:45,33,9.35,10.72,-0.08,0.13
IF,up,826,13:46,33,6.08,9.61,-0.21,0.12
IF,up,827,13:47,34,7.43,7.86,-0.03,0.146
IF,up,828,13:48,34,12.01,10.45,0.1,0.248
IF,up,829,13:49,35,8.54,9.76,-0.08,0.198
IF,up,830,13:50,36,8.95,8.79,0.01,0.198
IF,up,831,13:51,34,8.43,6.66,0.12,0.177
IF,up,832,13:52,33,11.55,6.95,0.32,0.15
IF,up,833,13:53,30,1.89,12.13,-0.72,0.073
IF,up,834,13:54,32,2.22,10.03,-0.56,0.062
IF,up,835,13:55,33,4.29,8.51,-0.3,0.112
IF,up,836,13:56,33,6.56,9.4,-0.2,0.139
IF,up,837,13:57,33,6.84,6.36,0.03,0.143
IF,up,838,13:58,34,0.16,6.55,-0.44,0.094
IF,up,839,13:59,34,-3.62,7.99,-0.8,0.059
IF,up,840,14:00,34,4.92,5.08,-0.01,0.119
IF,up,841,14:01,37,-5.55,-0.61,-0.36,0.048
IF,up,842,14:02,41,-4.42,5.1,-0.75,0.046
IF,up,843,14:03,41,-5.15,2.68,-0.64,0.049
IF,up,844,14:04,40,-2.21,3.02,-0.43,0.018
IF,up,845,14:05,39,-2.26,-0.55,-0.15,0.017
IF,up,846,14:06,39,0.79,0.34,0.04,0.061
IF,up,847,14:07,40,2.01,-1.89,0.34,0.054
IF,up,848,14:08,42,2.41,2.45,-0.0,0.013
IF,up,849,14:09,43,2.53,5.69,-0.3,-0.037
IF,up,850,14:10,41,0.02,1.47,-0.14,-0.041
IF,up,851,14:11,41,1.94,7.69,-0.55,-0.096
IF,up,852,14:12,42,6.73,9.01,-0.24,-0.134
IF,up,853,14:13,40,3.53,14.5,-1.04,-0.153
IF,up,854,14:14,39,4.23,14.62,-0.96,-0.141
IF,up,855,14:15,43,2.45,11.16,-0.82,-0.15
IF,up,856,14:16,46,2.67,7.61,-0.5,-0.113
IF,up,857,14:17,42,2.8,6.66,-0.39,-0.154
IF,up,858,14:18,43,1.51,10.8,-0.99,-0.146
IF,up,859,14:19,43,1.59,10.99,-0.98,-0.101
IF,up,860,14:20,41,4.12,8.19,-0.4,-0.113
IF,up,861,14:21,41,3.21,10.37,-0.74,-0.113
IF,up,862,14:22,40,1.94,12.09,-0.99,-0.112
IF,up,863,14:23,40,0.25,10.18,-1.09,-0.094
IF,up,864,14:24,39,2.2,5.83,-0.39,-0.107
IF,up,865,14:25,41,-1.27,5.08,-0.78,-0.071
IF,up,866,14:26,41,1.42,5.97,-0.59,-0.078
IF,up,867,14:27,39,0.75,5.59,-0.59,-0.063
IF,up,868,14:28,39,0.24,2.74,-0.31,-0.008
IF,up,869,14:29,42,0.43,3.15,-0.37,-0.01
IF,up,870,14:30,46,-1.06,7.84,-1.2,-0.071
IF,up,871,14:31,46,-0.49,3.62,-0.54,-0.068
IF,up,872,14:32,45,1.84,6.12,-0.59,-0.135
IF,up,873,14:33,45,1.72,6.41,-0.65,-0.098
IF,up,874,14:34,43,-1.41,8.03,-1.31,-0.177
IF,up,875,14:35,43,-0.85,6.04,-1.0,-0.146
IF,up,876,14:36,44,-1.75,6.3,-1.22,-0.201
IF,up,877,14:37,43,-1.34,9.83,-1.7,-0.18
IF,up,878,14:38,43,-2.36,10.5,-2.02,-0.236
IF,up,879,14:39,43,-1.68,8.86,-1.92,-0.169
IF,up,880,14:40,44,-1.52,8.21,-1.89,-0.108
IF,up,881,14:41,44,-2.31,6.66,-1.78,-0.14
IF,up,882,14:42,45,-2.57,6.48,-2.0,-0.172
IF,up,883,14:43,42,-0.04,5.57,-1.17,-0.19
IF,up,884,14:44,45,0.45,9.55,-1.72,-0.19
IF,up,885,14:45,45,1.28,7.36,-1.27,-0.185
IF,up,886,14:46,49,3.08,5.7,-0.57,-0.137
IF,up,887,14:47,48,1.68,4.03,-0.56,-0.094
IF,up,888,14:48,49,-1.55,2.64,-1.0,-0.081
IF,up,889,14:49,50,-2.37,3.06,-1.5,-0.211
IF,up,890,14:50,51,-2.63,2.11,-1.47,-0.26
IF,up,891,14:51,50,-0.71,5.8,-2.19,-0.309
IF,up,892,14:52,48,1.08,5.32,-1.39,-0.317
IF,up,893,14:53,47,0.63,3.85,-0.97,-0.187
IF,up,894,14:54,46,1.65,2.17,-0.16,-0.127
IF,up,895,14:55,47,1.41,3.61,-0.78,-0.173
IF,up,896,14:56,44,4.14,4.55,-0.16,-0.145
IF,up,897,14:57,47,0.48,2.41,-0.86,-0.154
IF,up,898,14:58,46,2.84,1.67,0.65,-0.047
IF,up,899,14:59,48,1.41,1.42,-0.01,-0.041
IF,down,781,13:01,22,31.79,9.31,0.57,0.172
IF,down,782,13:02,22,61.28,-20.07,2.28,0.183
IF,down,783,13:03,22,40.28,-20.28,1.54,0.101
IF,down,784,13:04,19,58.58,-26.01,2.05,0.261
IF,down,785,13:05,20,55.38,-19.91,1.9,0.16
IF,down,786,13:06,21,66.31,-25.88,2.4,0.161
IF,down,787,13:07,22,67.11,-28.48,2.71,0.146
IF,down,788,13:08,21,59.68,-22.9,2.32,0.151
IF,down,789,13:09,21,44.23,2.04,1.13,0.14
IF,down,790,13:10,22,44.72,7.71,1.02,0.16
IF,down,791,13:11,25,29.23,2.28,0.8,0.157
IF,down,792,13:12,23,29.62,9.06,0.57,0.152
IF,down,793,13:13,21,47.76,7.25,1.14,0.214
IF,down,794,13:14,23,35.96,2.22,0.95,0.179
IF,down,795,13:15,24,35.04,7.2,0.79,0.145
IF,down,796,13:16,24,33.22,5.51,0.75,0.156
IF,down,797,13:17,25,24.19,14.24,0.29,0.126
IF,down,798,13:18,23,29.15,13.61,0.44,0.172
IF,down,799,13:19,22,32.61,8.43,0.62,0.219
IF,down,800,13:20,25,25.34,17.6,0.21,0.186
IF,down,801,13:21,25,17.39,24.75,-0.2,0.042
IF,down,802,13:22,25,26.16,25.99,0.0,0.119
IF,down,803,13:23,23,17.69,19.24,-0.04,0.121
IF,down,804,13:24,24,24.51,18.25,0.17,0.206
IF,down,805,13:25,23,23.2,20.55,0.07,0.206
IF,down,806,13:26,23,28.92,16.09,0.34,0.267
IF,down,807,13:27,21,16.85,11.43,0.14,0.158
IF,down,808,13:28,23,26.92,13.53,0.37,0.257
IF,down,809,13:29,27,5.99,20.75,-0.44,0.063
IF,down,811,13:31,23,28.09,12.85,0.45,0.142
IF,down,812,13:32,22,27.62,22.57,0.14,0.083
IF,down,813,13:33,22,25.76,28.44,-0.08,0.202
IF,down,814,13:34,22,31.85,28.05,0.11,0.219
IF,down,815,13:35,22,29.63,19.95,0.27,0.195
IF,down,816,13:36,21,25.55,32.88,-0.22,0.146
IF,down,817,13:37,21,23.84,28.14,-0.14,0.197
IF,down,818,13:38,22,18.53,25.29,-0.23,0.147
IF,down,819,13:39,22,24.51,25.26,-0.03,0.115
IF,down,820,13:40,21,31.88,15.73,0.57,0.145
IF,down,821,13:41,23,31.41,12.27,0.75,0.126
IF,down,822,13:42,24,29.89,12.05,0.75,0.05
IF,down,823,13:43,25,34.14,7.04,1.23,0.072
IF,down,824,13:44,24,31.21,-0.74,1.44,0.159
IF,down,825,13:45,25,27.93,6.57,0.97,0.037
IF,down,826,13:46,23,21.24,-0.92,0.94,0.117
IF,down,827,13:47,24,21.99,0.76,0.92,0.088
IF,down,828,13:48,23,26.66,10.84,0.72,0.009
IF,down,829,13:49,24,28.68,0.52,1.29,0.074
IF,down,830,13:50,24,29.18,-4.09,1.77,0.169
IF,down,831,13:51,25,30.19,0.32,1.72,0.154
IF,down,832,13:52,25,28.79,-8.07,2.2,0.158
IF,down,833,13:53,27,26.15,-10.23,2.36,0.184
IF,down,834,13:54,27,23.61,-4.83,1.84,0.165
IF,down,835,13:55,28,28.57,-9.03,2.4,0.273
IF,down,836,13:56,25,26.89,1.89,1.57,0.069
IF,down,837,13:57,26,21.38,-0.76,1.38,0.076
IF,down,838,13:58,26,16.22,6.55,0.55,0.078
IF,down,839,13:59,27,10.23,3.89,0.37,0.058
IF,down,840,14:00,28,-0.88,7.3,-0.51,-0.012
IF,down,841,14:01,29,-2.78,-1.43,-0.09,0.019
IF,down,842,14:02,30,2.44,-0.92,0.22,0.102
IF,down,843,14:03,30,1.27,-0.85,0.13,0.072
IF,down,844,14:04,31,-2.78,1.62,-0.26,0.007
IF,down,845,14:05,32,-0.14,5.11,-0.32,-0.052
IF,down,846,14:06,33,-7.05,3.12,-0.67,0.019
IF,down,847,14:07,34,-4.56,-2.33,-0.15,0.047
IF,down,848,14:08,35,-8.34,-6.84,-0.11,0.067
IF,down,849,14:09,34,-9.58,-0.89,-0.65,-0.018
IF,down,850,14:10,34,-9.47,-1.58,-0.58,-0.046
IF,down,851,14:11,33,-12.25,-4.89,-0.51,0.064
IF,down,852,14:12,33,-12.8,-3.11,-0.63,0.054
IF,down,853,14:13,36,-11.39,-5.69,-0.41,0.107
IF,down,854,14:14,34,-10.61,-9.75,-0.06,0.138
IF,down,855,14:15,37,-2.8,-13.76,0.82,0.15
IF,down,856,14:16,35,-4.81,-12.91,0.61,0.229
IF,down,857,14:17,35,-3.11,-9.21,0.45,0.073
IF,down,858,14:18,34,-7.38,-8.73,0.1,0.031
IF,down,859,14:19,32,-10.42,-3.62,-0.49,0.018
IF,down,860,14:20,33,-8.36,-8.56,0.01,0.088
IF,down,861,14:21,32,-8.56,-4.93,-0.27,0.093
IF,down,862,14:22,31,-0.97,-12.62,0.84,0.133
IF,down,863,14:23,31,-3.28,-10.75,0.54,0.061
IF,down,864,14:24,32,-3.24,-11.71,0.65,0.082
IF,down,865,14:25,34,-2.05,-9.37,0.55,-0.001
IF,down,866,14:26,32,-4.03,-11.21,0.55,-0.005
IF,down,867,14:27,34,3.28,-10.1,1.08,-0.033
IF,down,868,14:28,32,-1.25,-9.41,0.6,0.002
IF,down,869,14:29,31,-0.51,-11.75,0.94,-0.044
IF,down,870,14:30,38,3.75,-11.8,1.45,-0.014
IF,down,871,14:31,38,0.76,-7.79,0.79,-0.0
IF,down,872,14:32,34,-1.51,-10.86,0.79,0.073
IF,down,873,14:33,37,-7.26,-9.84,0.25,0.091
IF,down,874,14:34,33,1.53,-23.27,2.08,0.206
IF,down,875,14:35,34,-0.83,-21.87,1.88,0.2
IF,down,876,14:36,33,2.81,-20.7,2.2,0.28
IF,down,877,14:37,33,-2.67,-19.86,1.54,0.196
IF,down,878,14:38,39,-4.39,-18.67,1.32,0.159
IF,down,879,14:39,41,-4.83,-20.07,1.55,0.154
IF,down,880,14:40,37,-1.01,-26.44,2.52,0.178
IF,down,881,14:41,35,-7.84,-14.23,0.61,0.073
IF,down,882,14:42,36,-5.19,-18.63,1.4,0.138
IF,down,883,14:43,35,-7.51,-15.73,0.78,0.114
IF,down,884,14:44,38,-3.79,-9.95,0.73,0.029
IF,down,885,14:45,36,-9.66,-9.38,-0.03,0.008
IF,down,886,14:46,35,-6.89,-10.08,0.34,-0.074
IF,down,887,14:47,34,-7.84,-12.89,0.54,-0.031
IF,down,888,14:48,41,-12.7,-9.97,-0.35,-0.147
IF,down,889,14:49,39,-11.16,-13.34,0.29,-0.118
IF,down,890,14:50,37,-9.12,-12.11,0.44,-0.075
IF,down,891,14:51,36,-9.16,-6.14,-0.44,-0.233
IF,down,892,14:52,37,-9.28,-8.21,-0.19,-0.281
IF,down,893,14:53,39,-4.77,-6.72,0.35,-0.233
IF,down,894,14:54,36,-3.17,-7.24,0.87,-0.117
IF,down,895,14:55,38,-3.54,-5.26,0.45,-0.037
IF,down,896,14:56,34,3.78,-0.85,1.4,0.093
IF,down,897,14:57,35,0.96,-2.56,1.12,0.059
IF,down,898,14:58,32,3.66,2.54,0.48,-0.043
IF,down,899,14:59,36,3.42,3.57,-0.12,-0.073
IH,up,781,13:01,20,-3.21,15.46,-0.7,-0.098
IH,up,782,13:02,22,-5.87,21.89,-1.02,-0.065
IH,up,783,13:03,23,-4.08,17.57,-0.85,-0.018
IH,up,784,13:04,23,-3.99,3.09,-0.31,0.089
IH,up,785,13:05,21,-11.24,14.48,-1.02,0.012
IH,up,786,13:06,21,-12.83,13.99,-1.04,0.009
IH,up,787,13:07,20,-13.12,16.13,-1.07,0.057
IH,up,788,13:08,19,-9.34,10.8,-0.7,0.05
IH,up,789,13:09,20,-4.24,9.73,-0.49,0.088
IH,up,790,13:10,18,0.91,21.24,-0.7,0.136
IH,up,791,13:11,20,0.92,16.65,-0.6,0.178
IH,up,792,13:12,20,6.14,20.64,-0.54,0.116
IH,up,793,13:13,19,3.78,21.84,-0.67,0.132
IH,up,794,13:14,21,3.62,32.8,-1.05,0.115
IH,up,795,13:15,21,1.54,31.61,-1.17,0.133
IH,up,796,13:16,21,3.37,25.75,-0.9,0.201
IH,up,797,13:17,20,7.41,22.45,-0.53,0.21
IH,up,798,13:18,21,1.83,23.85,-0.88,0.197
IH,up,799,13:19,19,1.08,29.11,-1.03,0.209
IH,up,800,13:20,19,5.79,24.39,-0.67,0.218
IH,up,801,13:21,19,-0.77,16.58,-0.71,0.211
IH,up,802,13:22,18,6.7,26.85,-0.67,0.206
IH,up,803,13:23,18,7.35,27.07,-0.68,0.199
IH,up,804,13:24,20,16.18,22.51,-0.22,0.278
IH,up,805,13:25,21,4.68,18.63,-0.57,0.239
IH,up,806,13:26,21,10.49,22.59,-0.47,0.309
IH,up,807,13:27,21,11.26,21.96,-0.43,0.329
IH,up,808,13:28,20,19.95,15.61,0.17,0.394
IH,up,809,13:29,21,18.33,12.76,0.22,0.337
IH,up,811,13:31,20,17.84,16.01,0.07,0.32
IH,up,812,13:32,20,19.71,9.57,0.37,0.247
IH,up,813,13:33,23,15.04,11.53,0.15,0.231
IH,up,814,13:34,21,22.08,10.36,0.48,0.225
IH,up,815,13:35,22,17.28,8.5,0.38,0.257
IH,up,816,13:36,23,12.8,4.46,0.4,0.254
IH,up,817,13:37,23,13.08,3.85,0.43,0.276
IH,up,818,13:38,22,10.43,6.5,0.17,0.237
IH,up,819,13:39,22,8.77,5.77,0.13,0.249
IH,up,820,13:40,21,8.76,7.3,0.06,0.21
IH,up,821,13:41,22,8.74,11.54,-0.12,0.244
IH,up,822,13:42,24,8.72,12.14,-0.16,0.232
IH,up,823,13:43,24,6.44,3.81,0.13,0.19
IH,up,824,13:44,22,-4.77,17.03,-0.98,0.179
IH,up,825,13:45,19,-3.5,8.99,-0.51,0.23
IH,up,826,13:46,20,-0.45,3.02,-0.16,0.216
IH,up,827,13:47,21,2.94,3.09,-0.01,0.248
IH,up,828,13:48,20,8.06,0.87,0.31,0.213
IH,up,829,13:49,24,6.33,2.41,0.2,0.178
IH,up,830,13:50,23,5.94,2.9,0.16,0.186
IH,up,831,13:51,24,5.23,3.27,0.11,0.16
IH,up,832,13:52,21,2.01,10.22,-0.44,0.067
IH,up,833,13:53,20,2.44,13.01,-0.55,0.11
IH,up,834,13:54,20,3.15,12.38,-0.47,0.14
IH,up,835,13:55,21,2.28,17.65,-0.79,0.126
IH,up,836,13:56,22,2.59,13.91,-0.57,0.12
IH,up,837,13:57,23,3.71,13.14,-0.51,0.135
IH,up,838,13:58,24,3.86,15.02,-0.63,0.109
IH,up,839,13:59,25,-1.11,15.86,-1.01,0.098
IH,up,840,14:00,24,-0.62,11.18,-0.67,0.168
IH,up,841,14:01,27,-4.75,6.78,-0.75,0.14
IH,up,842,14:02,27,-2.29,4.53,-0.48,0.147
IH,up,843,14:03,27,-4.37,1.92,-0.44,0.155
IH,up,844,14:04,26,3.15,-1.72,0.32,0.173
IH,up,845,14:05,26,-0.71,-1.61,0.06,0.183
IH,up,846,14:06,26,-11.64,1.49,-0.81,0.183
IH,up,847,14:07,28,-5.16,-0.37,-0.3,0.164
IH,up,848,14:08,27,2.9,-2.49,0.37,0.169
IH,up,849,14:09,27,4.66,0.25,0.3,0.177
IH,up,850,14:10,27,2.1,-3.88,0.42,0.17
IH,up,851,14:11,28,2.75,-0.42,0.23,0.116
IH,up,852,14:12,27,6.54,-12.87,1.3,0.221
IH,up,853,14:13,29,3.85,-11.7,1.08,0.242
IH,up,854,14:14,28,-0.39,-6.41,0.4,0.052
IH,up,855,14:15,30,-2.31,-7.6,0.37,0.037
IH,up,856,14:16,29,2.66,-5.33,0.59,0.127
IH,up,857,14:17,30,3.0,-4.71,0.64,0.136
IH,up,858,14:18,31,0.25,-3.21,0.29,0.089
IH,up,859,14:19,28,1.2,-2.42,0.27,0.164
IH,up,860,14:20,28,4.72,-0.81,0.43,0.183
IH,up,861,14:21,31,5.29,1.16,0.37,0.223
IH,up,862,14:22,30,4.2,-2.69,0.61,0.092
IH,up,863,14:23,30,6.27,-9.5,1.43,0.233
IH,up,864,14:24,29,3.8,-4.58,0.77,0.059
IH,up,865,14:25,30,1.35,-5.0,0.65,0.055
IH,up,866,14:26,30,-0.11,-2.87,0.29,0.015
IH,up,867,14:27,29,6.04,-4.39,1.18,0.041
IH,up,868,14:28,29,0.91,-2.86,0.37,0.029
IH,up,869,14:29,30,-0.36,-1.84,0.15,0.014
IH,up,870,14:30,29,2.98,3.15,-0.02,0.142
IH,up,871,14:31,32,-2.4,1.35,-0.43,-0.045
IH,up,872,14:32,32,-1.62,4.17,-0.73,-0.076
IH,up,873,14:33,31,-0.26,2.0,-0.28,-0.005
IH,up,874,14:34,31,1.1,3.27,-0.29,-0.036
IH,up,875,14:35,30,-1.86,5.22,-0.94,0.019
IH,up,876,14:36,29,2.34,-1.8,0.6,-0.041
IH,up,877,14:37,29,0.67,8.62,-1.18,-0.02
IH,up,878,14:38,29,-1.03,6.85,-1.17,-0.017
IH,up,879,14:39,28,2.48,2.93,-0.07,0.084
IH,up,880,14:40,29,-0.59,1.99,-0.4,-0.045
IH,up,881,14:41,30,0.75,1.21,-0.07,-0.09
IH,up,882,14:42,28,1.14,2.72,-0.21,-0.214
IH,up,883,14:43,28,2.3,4.13,-0.23,-0.274
IH,up,884,14:44,28,3.83,4.79,-0.12,-0.194
IH,up,885,14:45,26,5.79,6.92,-0.16,-0.326
IH,up,886,14:46,31,-1.03,7.46,-1.44,-0.354
IH,up,887,14:47,31,-0.55,4.41,-0.76,-0.289
IH,up,888,14:48,33,-1.37,2.37,-0.57,-0.121
IH,up,889,14:49,35,-2.56,6.41,-1.4,-0.252
IH,up,890,14:50,36,-1.9,1.54,-0.64,-0.209
IH,up,891,14:51,32,-2.28,9.87,-2.27,-0.437
IH,up,892,14:52,33,-1.04,8.56,-1.96,-0.43
IH,up,893,14:53,34,-1.4,7.15,-1.6,-0.232
IH,up,894,14:54,35,-1.02,8.32,-1.87,-0.224
IH,up,895,14:55,35,-0.35,7.5,-1.57,-0.177
IH,up,896,14:56,33,2.88,8.75,-1.37,-0.233
IH,up,897,14:57,34,-0.63,5.54,-1.72,-0.234
IH,up,898,14:58,33,1.7,2.8,-0.35,-0.145
IH,up,899,14:59,32,2.1,3.26,-0.4,-0.099
IH,down,781,13:01,16,32.05,34.76,-0.07,0.079
IH,down,783,13:03,17,27.3,26.33,0.03,0.024
IH,down,784,13:04,15,33.25,22.7,0.26,0.087
IH,down,785,13:05,17,32.37,21.22,0.31,0.066
IH,down,786,13:06,18,27.25,34.3,-0.2,0.047
IH,down,787,13:07,17,29.88,18.6,0.32,0.065
IH,down,788,13:08,17,33.5,23.83,0.29,0.079
IH,down,789,13:09,17,29.73,34.23,-0.14,0.038
IH,down,790,13:10,17,29.45,32.98,-0.11,0.039
IH,down,791,13:11,17,28.4,32.74,-0.14,0.049
IH,down,792,13:12,16,30.52,30.44,0.0,0.056
IH,down,793,13:13,17,15.43,40.08,-0.82,0.012
IH,down,794,13:14,18,14.84,46.31,-1.06,-0.061
IH,down,795,13:15,18,15.3,46.52,-0.99,-0.045
IH,down,796,13:16,18,15.22,48.32,-0.97,-0.043
IH,down,797,13:17,19,8.16,47.75,-1.33,-0.099
IH,down,798,13:18,19,17.56,42.5,-0.82,-0.054
IH,down,799,13:19,19,14.87,42.72,-0.84,-0.107
IH,down,800,13:20,20,12.51,48.01,-1.06,-0.12
IH,down,801,13:21,19,10.98,45.5,-0.98,-0.149
IH,down,802,13:22,19,10.63,46.25,-1.01,-0.13
IH,down,803,13:23,18,12.52,47.87,-0.94,-0.111
IH,down,804,13:24,20,20.38,40.15,-0.57,-0.108
IH,down,805,13:25,20,19.13,37.84,-0.55,-0.101
IH,down,806,13:26,20,18.58,36.86,-0.54,-0.113
IH,down,807,13:27,20,18.92,36.96,-0.53,-0.139
IH,down,808,13:28,20,20.38,37.51,-0.52,-0.117
IH,down,809,13:29,20,19.27,34.89,-0.47,-0.105
IH,down,811,13:31,19,25.09,29.13,-0.12,-0.064
IH,down,812,13:32,21,31.86,27.18,0.15,-0.04
IH,down,813,13:33,21,31.33,28.59,0.08,-0.064
IH,down,814,13:34,22,27.36,26.28,0.03,-0.09
IH,down,815,13:35,21,14.28,40.36,-0.92,-0.098
IH,down,816,13:36,20,23.89,34.98,-0.37,-0.089
IH,down,817,13:37,20,21.25,32.56,-0.4,-0.101
IH,down,818,13:38,20,9.9,37.74,-1.03,-0.108
IH,down,819,13:39,19,15.26,32.95,-0.65,-0.067
IH,down,820,13:40,18,12.79,34.69,-0.73,-0.07
IH,down,821,13:41,18,11.67,29.36,-0.65,-0.081
IH,down,822,13:42,18,16.08,29.03,-0.49,-0.022
IH,down,823,13:43,20,19.48,18.84,0.03,-0.052
IH,down,824,13:44,21,15.96,20.12,-0.2,-0.121
IH,down,825,13:45,21,5.56,22.46,-0.86,-0.179
IH,down,826,13:46,21,9.0,22.86,-0.66,-0.12
IH,down,827,13:47,22,-1.75,30.04,-1.52,-0.337
IH,down,828,13:48,20,17.53,21.65,-0.18,-0.18
IH,down,829,13:49,19,3.27,23.67,-0.87,-0.212
IH,down,830,13:50,21,19.28,10.49,0.49,-0.106
IH,down,831,13:51,21,15.77,14.69,0.06,-0.22
IH,down,832,13:52,21,17.38,3.88,1.08,0.037
IH,down,833,13:53,24,13.21,10.71,0.2,-0.188
IH,down,834,13:54,24,15.09,16.03,-0.07,-0.231
IH,down,835,13:55,24,11.76,24.31,-0.73,-0.294
IH,down,836,13:56,25,19.0,22.88,-0.26,-0.256
IH,down,837,13:57,25,19.13,21.19,-0.14,-0.249
IH,down,838,13:58,27,12.88,15.05,-0.18,-0.228
IH,down,839,13:59,28,6.12,12.46,-0.55,-0.269
IH,down,840,14:00,32,5.96,10.33,-0.4,-0.183
IH,down,841,14:01,30,-3.98,1.04,-0.49,-0.137
IH,down,842,14:02,32,-0.78,-3.7,0.28,-0.069
IH,down,843,14:03,32,1.22,-10.03,1.22,-0.025
IH,down,844,14:04,34,-2.09,-12.95,1.13,-0.034
IH,down,845,14:05,31,-2.17,-8.09,0.62,0.082
IH,down,846,14:06,35,-3.02,-15.37,1.34,0.128
IH,down,847,14:07,33,-4.47,-16.83,1.23,0.158
IH,down,848,14:08,34,1.65,-20.62,2.34,0.317
IH,down,849,14:09,33,2.95,-22.08,2.44,0.301
IH,down,850,14:10,33,0.5,-18.06,1.69,0.28
IH,down,851,14:11,33,-0.31,-21.04,2.01,0.293
IH,down,852,14:12,35,-5.03,-20.97,1.51,0.254
IH,down,853,14:13,32,-3.93,-19.54,1.52,0.281
IH,down,854,14:14,33,-4.89,-16.02,1.11,0.257
IH,down,855,14:15,32,-0.67,-23.82,2.16,0.365
IH,down,856,14:16,31,-5.32,-27.71,1.91,0.405
IH,down,857,14:17,31,-4.42,-28.01,1.85,0.38
IH,down,858,14:18,30,-4.86,-27.68,1.66,0.354
IH,down,859,14:19,30,8.28,-27.91,2.4,0.362
IH,down,860,14:20,28,-0.68,-21.93,1.37,0.309
IH,down,861,14:21,29,6.35,-24.27,2.28,0.347
IH,down,862,14:22,28,8.01,-26.01,2.42,0.33
IH,down,863,14:23,28,0.53,-15.48,1.22,0.264
IH,down,864,14:24,29,4.27,-18.26,1.85,0.229
IH,down,865,14:25,31,-0.66,-8.75,0.71,0.237
IH,down,866,14:26,30,3.5,-16.19,2.0,0.275
IH,down,867,14:27,31,5.75,-15.42,2.09,0.251
IH,down,868,14:28,31,-2.96,-14.46,1.04,0.242
IH,down,869,14:29,31,-0.57,-10.75,0.99,0.149
IH,down,870,14:30,31,1.43,-13.89,1.37,0.221
IH,down,871,14:31,30,2.33,-19.5,1.67,0.265
IH,down,872,14:32,36,0.46,-11.24,0.99,0.138
IH,down,873,14:33,35,-0.57,-8.81,0.79,0.159
IH,down,874,14:34,35,0.31,-8.46,0.82,0.149
IH,down,875,14:35,35,-0.09,-5.82,0.48,0.099
IH,down,876,14:36,36,-0.11,-7.78,0.68,0.146
IH,down,877,14:37,36,-0.48,-11.18,1.0,0.168
IH,down,878,14:38,32,3.92,-15.98,1.78,0.211
IH,down,879,14:39,34,2.97,-17.1,2.07,0.285
IH,down,880,14:40,35,0.98,-14.19,1.59,0.2
IH,down,881,14:41,35,0.21,-17.76,2.04,0.382
IH,down,882,14:42,35,-1.89,-14.22,1.27,0.221
IH,down,883,14:43,35,-1.43,-13.24,1.21,0.241
IH,down,884,14:44,31,0.87,-10.34,1.1,0.276
IH,down,885,14:45,32,-2.43,-14.03,1.09,0.281
IH,down,886,14:46,31,-3.53,-16.83,1.27,0.288
IH,down,887,14:47,32,-7.09,-15.31,0.81,0.343
IH,down,888,14:48,35,-9.36,-11.3,0.21,0.264
IH,down,889,14:49,36,-11.01,-13.06,0.23,0.191
IH,down,890,14:50,34,-10.8,-12.86,0.21,0.077
IH,down,891,14:51,32,-10.38,-13.66,0.35,0.054
IH,down,892,14:52,33,-11.5,-9.86,-0.25,0.039
IH,down,893,14:53,32,-11.64,-9.25,-0.37,-0.01
IH,down,894,14:54,32,-9.53,-4.6,-0.83,-0.032
IH,down,895,14:55,33,-5.5,-4.87,-0.12,0.048
IH,down,896,14:56,31,0.09,-1.19,0.36,0.173
IH,down,897,14:57,31,0.33,-4.25,1.2,0.283
IH,down,898,14:58,32,2.33,2.33,-0.0,0.122
IH,down,899,14:59,30,2.18,2.76,-0.26,0.087
IM,up,781,13:01,63,9.69,14.65,-0.24,-0.02
IM,up,782,13:02,59,10.98,14.72,-0.17,-0.016
IM,up,783,13:03,61,9.82,6.59,0.15,-0.018
IM,up,784,13:04,61,8.87,12.13,-0.15,-0.023
IM,up,785,13:05,60,7.69,6.85,0.04,-0.042
IM,up,786,13:06,59,6.41,9.62,-0.15,-0.02
IM,up,787,13:07,60,4.21,8.45,-0.2,-0.022
IM,up,788,13:08,60,3.87,9.59,-0.28,-0.013
IM,up,789,13:09,60,-0.96,13.38,-0.68,0.006
IM,up,790,13:10,57,0.87,10.95,-0.48,0.037
IM,up,791,13:11,57,5.17,7.16,-0.09,0.045
IM,up,792,13:12,57,11.83,4.66,0.35,0.058
IM,up,793,13:13,56,13.75,2.27,0.56,0.067
IM,up,794,13:14,56,13.13,9.38,0.18,0.063
IM,up,795,13:15,59,12.48,11.99,0.03,0.051
IM,up,796,13:16,59,12.51,7.47,0.26,0.046
IM,up,797,13:17,57,5.84,9.82,-0.2,0.069
IM,up,798,13:18,59,6.31,5.81,0.03,0.093
IM,up,799,13:19,62,11.3,8.95,0.12,0.106
IM,up,800,13:20,63,11.94,7.9,0.22,0.119
IM,up,801,13:21,63,10.71,10.0,0.04,0.131
IM,up,802,13:22,63,10.82,17.92,-0.45,0.031
IM,up,803,13:23,63,8.7,12.55,-0.21,0.113
IM,up,804,13:24,62,5.67,21.37,-0.94,-0.008
IM,up,805,13:25,64,6.37,20.18,-0.84,-0.002
IM,up,806,13:26,62,7.5,21.98,-0.89,0.008
IM,up,807,13:27,63,4.39,22.25,-1.13,-0.008
IM,up,808,13:28,66,3.72,22.6,-1.26,-0.029
IM,up,809,13:29,63,5.56,22.46,-1.16,-0.051
IM,up,810,13:30,43,-1.65,27.91,-1.63,-0.051
IM,up,811,13:31,62,4.0,20.21,-1.17,-0.051
IM,up,812,13:32,62,3.83,16.2,-0.87,-0.034
IM,up,813,13:33,61,4.02,15.31,-0.8,-0.032
IM,up,814,13:34,65,9.37,20.73,-0.81,-0.003
IM,up,815,13:35,63,7.95,15.36,-0.52,0.068
IM,up,816,13:36,63,7.0,14.3,-0.52,0.068
IM,up,817,13:37,62,9.08,8.83,0.02,0.076
IM,up,818,13:38,64,7.77,9.88,-0.16,0.069
IM,up,819,13:39,61,7.59,9.9,-0.17,0.112
IM,up,820,13:40,61,7.15,13.17,-0.44,0.052
IM,up,821,13:41,63,2.83,10.19,-0.56,0.055
IM,up,822,13:42,63,3.11,4.0,-0.06,0.124
IM,up,823,13:43,63,5.6,8.57,-0.22,0.022
IM,up,824,13:44,67,2.86,3.38,-0.04,0.113
IM,up,825,13:45,68,4.56,2.32,0.17,0.174
IM,up,826,13:46,68,4.5,-0.61,0.38,0.183
IM,up,827,13:47,69,3.82,-0.57,0.35,0.196
IM,up,828,13:48,74,2.28,3.61,-0.11,0.181
IM,up,829,13:49,73,2.68,2.94,-0.02,0.199
IM,up,830,13:50,71,1.18,4.69,-0.29,0.153
IM,up,831,13:51,70,3.36,6.3,-0.26,0.121
IM,up,832,13:52,70,2.98,4.77,-0.16,0.13
IM,up,833,13:53,72,0.97,3.98,-0.26,0.144
IM,up,834,13:54,72,4.94,6.78,-0.17,0.096
IM,up,835,13:55,74,2.03,8.52,-0.62,0.059
IM,up,836,13:56,70,0.01,8.87,-0.84,-0.005
IM,up,837,13:57,72,3.96,8.11,-0.42,0.072
IM,up,838,13:58,72,6.07,6.84,-0.08,0.076
IM,up,839,13:59,73,3.93,8.94,-0.53,0.091
IM,up,840,14:00,74,0.56,2.59,-0.22,0.111
IM,up,841,14:01,79,-5.14,6.68,-1.28,0.063
IM,up,842,14:02,77,-4.11,12.51,-1.78,0.061
IM,up,843,14:03,80,-6.47,9.98,-1.8,0.042
IM,up,844,14:04,80,-3.47,9.96,-1.46,0.03
IM,up,845,14:05,80,-1.74,8.55,-1.13,0.051
IM,up,846,14:06,80,-2.23,5.12,-0.84,0.068
IM,up,847,14:07,82,-0.2,5.78,-0.67,0.065
IM,up,848,14:08,79,1.36,3.33,-0.22,0.075
IM,up,849,14:09,78,0.15,6.0,-0.64,0.016
IM,up,850,14:10,77,-0.39,6.22,-0.75,-0.038
IM,up,851,14:11,77,-0.49,6.35,-0.78,-0.082
IM,up,852,14:12,76,9.25,0.94,0.94,-0.136
IM,up,853,14:13,75,5.81,3.02,0.32,-0.11
IM,up,854,14:14,74,8.44,1.9,0.72,-0.09
IM,up,855,14:15,76,8.42,-2.95,1.29,-0.049
IM,up,856,14:16,78,5.69,0.58,0.59,-0.112
IM,up,857,14:17,77,6.85,-0.78,0.89,-0.047
IM,up,858,14:18,78,6.47,0.04,0.74,-0.097
IM,up,859,14:19,77,8.93,-0.25,1.09,-0.083
IM,up,860,14:20,78,7.86,0.04,0.93,-0.105
IM,up,861,14:21,78,7.57,-0.24,0.96,-0.087
IM,up,862,14:22,81,6.4,1.71,0.58,-0.113
IM,up,863,14:23,78,7.68,1.86,0.77,-0.146
IM,up,864,14:24,80,6.45,-0.7,0.98,-0.123
IM,up,865,14:25,80,6.36,-0.73,1.03,-0.09
IM,up,866,14:26,80,6.09,1.04,0.75,-0.085
IM,up,867,14:27,79,5.84,3.21,0.39,-0.145
IM,up,868,14:28,78,7.3,2.54,0.71,-0.118
IM,up,869,14:29,77,6.68,2.37,0.64,-0.122
IM,up,870,14:30,80,6.2,3.56,0.4,-0.126
IM,up,871,14:31,83,1.42,0.5,0.14,-0.07
IM,up,872,14:32,81,4.64,2.4,0.34,-0.138
IM,up,873,14:33,80,4.05,1.98,0.32,-0.166
IM,up,874,14:34,80,5.66,2.31,0.52,-0.145
IM,up,875,14:35,80,4.55,2.79,0.28,-0.18
IM,up,876,14:36,79,2.51,3.11,-0.1,-0.136
IM,up,877,14:37,79,3.92,5.91,-0.33,-0.136
IM,up,878,14:38,81,5.92,4.09,0.31,-0.119
IM,up,879,14:39,80,3.89,5.99,-0.39,-0.149
IM,up,880,14:40,78,4.34,4.27,0.01,-0.04
IM,up,881,14:41,76,3.08,5.4,-0.42,-0.114
IM,up,882,14:42,81,4.09,5.79,-0.34,-0.058
IM,up,883,14:43,80,7.65,4.05,0.77,-0.053
IM,up,884,14:44,79,10.79,6.02,1.06,-0.031
IM,up,885,14:45,81,8.09,4.28,0.84,-0.017
IM,up,886,14:46,77,6.78,5.03,0.37,-0.012
IM,up,887,14:47,79,6.31,4.17,0.48,-0.027
IM,up,888,14:48,81,4.16,2.43,0.4,-0.021
IM,up,889,14:49,81,3.46,2.03,0.36,-0.052
IM,up,890,14:50,81,3.32,2.25,0.29,-0.068
IM,up,891,14:51,81,4.54,6.5,-0.54,-0.123
IM,up,892,14:52,79,7.05,5.51,0.44,-0.044
IM,up,893,14:53,81,5.67,3.67,0.6,0.069
IM,up,894,14:54,81,4.79,4.18,0.19,0.024
IM,up,895,14:55,81,4.44,4.87,-0.14,0.017
IM,up,896,14:56,81,5.97,6.85,-0.33,0.048
IM,up,897,14:57,83,2.16,2.48,-0.14,0.082
IM,up,898,14:58,83,1.28,2.69,-0.84,-0.038
IM,up,899,14:59,83,0.05,1.44,-1.23,-0.032
IM,down,781,13:01,54,11.24,-27.14,1.49,0.127
IM,down,782,13:02,51,13.74,-17.73,1.14,0.134
IM,down,783,13:03,53,1.09,-21.18,0.79,0.11
IM,down,784,13:04,54,0.09,-23.31,0.83,0.081
IM,down,785,13:05,51,11.16,-19.61,1.12,0.081
IM,down,786,13:06,53,3.34,-25.13,1.03,0.087
IM,down,787,13:07,52,2.53,-21.02,0.83,0.104
IM,down,788,13:08,52,-9.09,-13.77,0.16,0.079
IM,down,789,13:09,53,-5.06,-19.81,0.52,0.088
IM,down,790,13:10,55,5.76,-20.79,0.92,0.058
IM,down,791,13:11,55,-9.62,-8.79,-0.03,0.039
IM,down,792,13:12,56,-0.4,-11.87,0.43,0.051
IM,down,793,13:13,59,2.73,-12.9,0.63,0.064
IM,down,794,13:14,57,-8.0,-8.6,0.02,0.042
IM,down,795,13:15,58,-4.44,-9.01,0.17,0.023
IM,down,796,13:16,58,-9.81,-6.69,-0.12,0.025
IM,down,797,13:17,56,-3.45,-11.03,0.27,0.029
IM,down,798,13:18,56,2.27,-22.9,1.05,0.093
IM,down,799,13:19,57,-7.39,-13.27,0.22,0.057
IM,down,800,13:20,53,5.22,-22.26,1.15,0.141
IM,down,801,13:21,56,-2.84,-26.56,0.95,0.149
IM,down,802,13:22,54,4.84,-25.32,1.23,0.197
IM,down,803,13:23,55,2.77,-17.06,0.72,0.122
IM,down,804,13:24,58,-9.12,-14.46,0.2,0.105
IM,down,805,13:25,54,-7.69,-24.45,0.64,0.155
IM,down,806,13:26,56,-1.78,-18.85,0.62,0.145
IM,down,807,13:27,57,3.26,-23.6,1.02,0.139
IM,down,808,13:28,57,2.48,-21.95,0.92,0.163
IM,down,809,13:29,55,-7.63,-24.12,0.65,0.158
IM,down,810,13:30,50,-11.45,-9.99,-0.05,0.167
IM,down,811,13:31,56,-2.31,-15.82,0.51,0.118
IM,down,812,13:32,58,-5.95,-18.37,0.49,0.114
IM,down,813,13:33,58,-6.3,-20.94,0.57,0.122
IM,down,814,13:34,54,-8.33,-12.55,0.15,0.099
IM,down,815,13:35,58,-6.63,-22.42,0.64,0.131
IM,down,816,13:36,57,5.8,-23.43,1.28,0.212
IM,down,817,13:37,58,2.66,-24.3,1.2,0.209
IM,down,818,13:38,62,11.34,-28.53,1.89,0.211
IM,down,819,13:39,61,14.89,-21.97,1.66,0.185
IM,down,820,13:40,61,9.0,-14.11,1.05,0.203
IM,down,821,13:41,61,10.72,-26.32,1.75,0.265
IM,down,822,13:42,61,16.09,-27.99,2.04,0.241
IM,down,823,13:43,59,22.56,-28.84,2.35,0.267
IM,down,824,13:44,60,18.34,-30.88,2.33,0.245
IM,down,825,13:45,58,17.49,-31.03,2.2,0.248
IM,down,826,13:46,61,16.25,-30.3,2.2,0.243
IM,down,827,13:47,61,17.24,-27.84,2.18,0.239
IM,down,828,13:48,58,14.06,-17.0,1.5,0.121
IM,down,829,13:49,57,19.6,-22.51,2.16,0.15
IM,down,830,13:50,54,13.83,-22.7,1.78,0.173
IM,down,831,13:51,55,20.93,-15.37,1.8,0.175
IM,down,832,13:52,53,13.55,-10.76,1.19,0.124
IM,down,833,13:53,53,9.01,-22.93,1.51,0.216
IM,down,834,13:54,51,14.6,-14.65,1.28,0.161
IM,down,835,13:55,49,18.86,-14.22,1.52,0.136
IM,down,836,13:56,51,13.71,-6.29,0.93,0.129
IM,down,837,13:57,55,8.17,-5.27,0.7,0.08
IM,down,838,13:58,57,-0.31,-1.9,0.08,0.092
IM,down,839,13:59,57,0.25,-0.28,0.03,0.059
IM,down,840,14:00,58,-3.0,-5.15,0.11,0.083
IM,down,841,14:01,60,-4.03,-11.09,0.38,0.098
IM,down,842,14:02,54,-10.8,-4.04,-0.33,0.032
IM,down,843,14:03,55,-13.75,-4.23,-0.47,0.049
IM,down,844,14:04,55,-12.13,-6.73,-0.27,0.064
IM,down,845,14:05,54,-12.72,-1.38,-0.55,0.042
IM,down,846,14:06,54,-4.95,-6.71,0.08,0.075
IM,down,847,14:07,55,-6.57,-6.22,-0.02,0.029
IM,down,848,14:08,55,-8.73,-9.91,0.06,0.044
IM,down,849,14:09,52,-7.09,-3.49,-0.19,0.045
IM,down,850,14:10,54,-2.92,-8.02,0.28,0.029
IM,down,851,14:11,53,-6.51,-11.33,0.26,0.043
IM,down,852,14:12,55,-6.18,-8.8,0.14,0.089
IM,down,853,14:13,55,-4.02,-10.12,0.35,0.104
IM,down,854,14:14,58,-11.34,-6.37,-0.3,0.069
IM,down,855,14:15,60,-11.87,-0.03,-0.73,0.006
IM,down,856,14:16,62,-10.87,-3.66,-0.47,0.013
IM,down,857,14:17,63,-8.35,-8.39,0.0,-0.011
IM,down,858,14:18,59,-5.29,-6.74,0.1,-0.048
IM,down,859,14:19,58,-9.31,-6.32,-0.19,-0.035
IM,down,860,14:20,59,-10.06,-6.11,-0.27,-0.026
IM,down,861,14:21,58,-7.56,-9.48,0.12,-0.009
IM,down,862,14:22,58,-8.05,-7.75,-0.02,-0.002
IM,down,863,14:23,58,-8.57,-7.7,-0.06,-0.016
IM,down,864,14:24,58,-8.66,-7.86,-0.05,-0.013
IM,down,865,14:25,60,-10.74,-7.79,-0.22,0.003
IM,down,866,14:26,62,-11.9,-6.96,-0.37,-0.063
IM,down,867,14:27,58,-12.31,-5.55,-0.49,-0.033
IM,down,868,14:28,59,-5.14,-6.61,0.11,-0.096
IM,down,869,14:29,58,-8.45,-1.0,-0.56,-0.071
IM,down,870,14:30,58,-8.5,-1.66,-0.52,-0.088
IM,down,871,14:31,56,-10.92,-0.17,-0.83,-0.102
IM,down,872,14:32,59,-12.43,-6.05,-0.52,-0.016
IM,down,873,14:33,58,-10.79,-17.13,0.52,-0.002
IM,down,874,14:34,59,-8.56,-16.04,0.57,0.045
IM,down,875,14:35,57,-10.11,-12.47,0.18,0.025
IM,down,876,14:36,57,-11.97,-13.51,0.13,0.041
IM,down,877,14:37,53,-14.06,-13.83,-0.02,0.101
IM,down,878,14:38,57,-12.53,-11.72,-0.07,0.031
IM,down,879,14:39,58,-8.82,-11.94,0.25,0.006
IM,down,880,14:40,57,-8.7,-16.88,0.7,0.069
IM,down,881,14:41,61,-8.23,-12.22,0.37,0.074
IM,down,882,14:42,58,-4.71,-14.07,0.86,0.106
IM,down,883,14:43,58,-3.85,-12.1,0.75,0.054
IM,down,884,14:44,56,-0.14,-8.41,0.83,0.108
IM,down,885,14:45,58,-1.25,-13.75,1.37,0.057
IM,down,886,14:46,57,1.13,-13.43,1.52,0.179
IM,down,887,14:47,57,-1.43,-10.31,0.95,0.115
IM,down,888,14:48,58,-3.14,-10.35,0.85,0.087
IM,down,889,14:49,60,-3.22,-11.78,1.15,0.035
IM,down,890,14:50,58,-2.08,-11.24,1.28,0.034
IM,down,891,14:51,56,-0.49,-6.16,0.8,0.067
IM,down,892,14:52,55,-2.97,-7.25,0.74,0.134
IM,down,893,14:53,54,-1.09,-6.02,0.95,0.114
IM,down,894,14:54,55,-0.17,-3.02,0.64,0.193
IM,down,895,14:55,57,-0.59,-2.92,0.64,0.156
IM,down,896,14:56,53,4.27,0.19,1.16,0.048
IM,down,897,14:57,53,6.12,-3.0,2.81,0.25
IM,down,898,14:58,55,4.29,1.71,1.02,-0.073
IM,down,899,14:59,57,1.07,1.71,-0.35,-0.105
