code,year,month,sum_K20,n_K20,sum_K42,n_K42,sum_K60,n_K60,sum_K90,n_K90,sum_close,n_close
IC0000,2020,1,589.2999999999929,3725,757.8999999999751,3710,589.6999999999653,3557,1.4999999999863576,2435,54.500000000009095,3725
IF0000,2020,1,409.4999999999941,3711,532.799999999962,3688,597.1999999999862,3612,225.8999999999919,2988,121.39999999998508,3711
IH0000,2020,1,273.4000000000028,3561,331.59999999999354,2960,252.20000000000073,2287,-111.99999999999591,776,172.900000000006,3677
IC0000,2020,2,6348.000000000001,4559,4719.799999999997,4559,-171.19999999998527,4554,3809.6999999999807,4215,3280.8000000000084,4559
IF0000,2020,2,975.9999999999486,4647,1247.7999999999993,4647,2968.6999999999716,4633,2374.7000000000035,4321,1928.1999999999694,4647
IH0000,2020,2,573.6000000000004,4603,491.3999999999819,4303,355.30000000002156,3679,-162.49999999999636,1649,-130.19999999999573,4610
IC0000,2020,3,2149.5000000000737,5162,2299.5000000000746,5162,2535.300000000043,5162,1195.8000000000684,5151,509.5000000000664,5162
IF0000,2020,3,1314.3999999999833,5128,1428.8000000000047,5128,1503.5000000000073,5128,537.3000000000238,5104,-92.99999999999227,5128
IH0000,2020,3,1024.7000000000185,5109,1147.6000000000167,5106,1045.4000000000074,5040,78.59999999999718,3695,78.30000000002246,5109
IC0000,2020,4,211.00000000001273,4907,575.8000000000147,4907,542.2000000000489,4907,203.00000000001455,4810,-2.1999999999743522,4907
IF0000,2020,4,131.99999999999545,4851,232.59999999995853,4851,226.699999999978,4850,-49.29999999998654,4615,-164.0000000000141,4851
IH0000,2020,4,108.09999999999854,4789,116.00000000002183,4699,62.400000000006,4181,-263.29999999999154,1661,-172.3999999999619,4790
IC0000,2020,5,460.0999999999631,4212,792.4999999999909,4211,1000.1999999999862,4210,579.3999999999751,4017,382.89999999998145,4212
IF0000,2020,5,171.60000000002265,4144,314.6000000000063,4143,349.30000000001246,4143,109.29999999999563,3809,-74.29999999998745,4144
IH0000,2020,5,55.799999999993815,4075,69.99999999999136,3880,-25.3999999999819,3180,-220.69999999999982,1078,-148.400000000011,4083
IC0000,2020,6,268.4999999999409,4657,483.69999999995343,4653,632.3999999999587,4611,111.89999999996417,4329,-96.80000000001837,4657
IF0000,2020,6,194.50000000003274,4611,400.0000000000464,4611,394.60000000003674,4610,116.80000000002292,4227,-34.899999999974625,4611
IH0000,2020,6,146.2000000000171,4535,251.8000000000302,4362,119.90000000003192,3737,-124.99999999999909,1352,7.2000000000189175,4555
IC0000,2020,7,2093.4000000000415,5396,2626.900000000095,5396,2407.9000000000806,5396,1298.5000000000719,5374,15.600000000119508,5396
IF0000,2020,7,2006.2999999999392,5385,2660.799999999982,5385,2682.8,5385,1759.199999999997,5377,1021.0000000000127,5385
IH0000,2020,7,4704.8000000000175,5357,5295.000000000054,5357,3607.50000000003,5344,-719.3999999999505,4534,2581.200000000033,5357
IC0000,2020,8,318.10000000001855,4923,1090.0000000000064,4923,1482.8999999999896,4923,989.6000000000104,4884,416.2999999999993,4923
IF0000,2020,8,111.89999999998781,4916,438.4999999999618,4916,613.8999999999933,4915,284.90000000000055,4868,37.49999999995907,4916
IH0000,2020,8,213.00000000002092,4884,394.39999999999964,4842,516.7000000000376,4704,-39.599999999988995,3408,-30.099999999983083,4884
IC0000,2020,9,-266.1000000000022,5156,276.2000000000153,5156,518.600000000044,5154,317.40000000003874,5065,-343.8999999999487,5156
IF0000,2020,9,220.39999999995507,5121,634.7999999999947,5121,699.9999999999955,5113,406.9999999999809,4930,257.3000000000029,5121
IH0000,2020,9,216.0000000000391,5091,493.90000000004284,4953,475.10000000002265,4702,-102.89999999997326,2800,204.9000000000392,5096
IC0000,2020,10,392.4999999999791,3740,740.1999999999862,3735,837.6999999999744,3677,456.2000000000062,3101,291.00000000000546,3740
IF0000,2020,10,309.5000000000646,3709,580.5000000000391,3683,470.40000000004966,3481,-100.79999999997563,2196,141.00000000001546,3709
IH0000,2020,10,122.00000000002274,3607,103.80000000002156,2768,-82.09999999997535,1612,-144.9000000000092,353,30.10000000003629,3694
IC0000,2020,11,754.9000000000442,4912,1210.8000000000065,4911,1357.5000000000346,4887,848.0000000000427,4248,820.1000000000276,4912
IF0000,2020,11,537.7999999999647,4894,857.5000000000337,4891,917.7000000000271,4807,390.8000000000011,3474,529.2999999999993,4894
IH0000,2020,11,301.000000000005,4851,478.79999999998836,4542,237.39999999998872,3587,-112.20000000000164,1483,226.59999999999627,4852
IC0000,2020,12,-23.10000000004311,5375,486.2000000000062,5372,578.6999999999825,5336,124.50000000001273,4946,-265.9000000000233,5375
IF0000,2020,12,348.40000000004784,5341,765.9000000000397,5333,755.6000000000131,5272,358.60000000004857,4832,226.00000000003638,5341
IH0000,2020,12,158.00000000003593,5326,498.100000000019,5262,450.5000000000082,5074,37.800000000007,3083,221.10000000004038,5329
IC0000,2021,1,499.10000000007403,4678,1217.0000000000591,4667,1267.2000000000535,4507,382.8000000000511,2985,497.2000000000644,4678
IF0000,2021,1,1162.2000000000153,4667,1769.0000000000045,4666,1772.8000000000166,4607,756.6999999999643,3349,822.9999999999891,4667
IH0000,2021,1,985.7000000000144,4674,1481.3000000000152,4658,1394.600000000015,4538,556.4999999999955,3177,693.8999999999901,4674
IC0000,2021,2,711.4000000000115,3507,1369.2999999999593,3505,1635.8999999999787,3448,1149.1000000000058,2687,922.7000000000135,3507
IF0000,2021,2,774.0999999999867,3514,1337.4999999999973,3513,1248.3000000000466,3483,667.0999999999485,2846,383.9000000000515,3514
IH0000,2021,2,563.50000000001,3489,703.5000000000114,3460,531.500000000015,3327,105.7000000000171,2275,42.800000000014734,3489
IC0000,2021,3,659.5999999999822,5380,973.9000000000096,5375,759.5000000000091,5339,-150.9000000000533,4740,-341.80000000001746,5380
IF0000,2021,3,933.5000000000182,5371,1127.199999999989,5371,1117.5000000000164,5371,691.0000000000118,5301,378.90000000000873,5371
IH0000,2021,3,457.999999999995,5367,748.7000000000021,5352,670.3000000000052,5270,96.60000000000582,3943,285.0000000000173,5367
IC0000,2021,4,64.49999999997817,4882,419.9999999999509,4746,364.90000000000146,4020,-26.400000000025102,1815,-11.500000000010004,4883
IF0000,2021,4,105.10000000000673,4878,588.0999999999922,4873,626.7000000000053,4842,189.60000000005311,4432,-249.6000000000322,4878
IH0000,2021,4,98.20000000001028,4838,418.9000000000183,4743,416.400000000001,4466,49.70000000001528,2642,147.70000000003756,4844
IC0000,2021,5,76.20000000001164,4209,300.6000000000158,4193,209.70000000004802,4044,-359.299999999952,2556,-403.89999999998963,4209
IF0000,2021,5,333.6000000000349,4215,460.69999999999527,4215,320.6000000000349,4187,-98.900000000006,3724,-394.19999999996344,4215
IH0000,2021,5,156.2999999999929,4181,185.1000000000122,4156,180.0000000000323,3926,-178.00000000000682,2552,-135.19999999999345,4181
IC0000,2021,6,-32.300000000032014,4899,411.39999999995325,4860,441.79999999998745,4551,-22.300000000010186,3032,84.29999999998472,4899
IF0000,2021,6,347.69999999995343,4901,780.4999999999782,4893,797.8999999999924,4848,515.8000000000384,4360,291.2999999999947,4901
IH0000,2021,6,206.4000000000101,4875,484.6999999999848,4864,562.9000000000296,4754,112.79999999998654,3176,295.9999999999982,4875
IC0000,2021,7,350.20000000005075,5144,1162.500000000031,5112,1013.00000000004,4816,410.00000000000637,2903,432.5000000000282,5144
IF0000,2021,7,617.4999999999518,5120,934.0000000000282,5107,782.0000000000109,4978,210.39999999999327,3976,2.7999999999647116,5120
IH0000,2021,7,429.29999999999063,5107,609.1000000000258,5075,454.499999999985,4893,64.09999999998399,3149,82.40000000000737,5107
IC0000,2021,8,642.8000000000202,5133,1422.900000000076,5115,1369.4000000000442,4907,363.2999999999802,3353,619.8000000000457,5133
IF0000,2021,8,399.4000000000042,5123,819.899999999986,5120,765.7000000000253,5082,327.60000000001946,4437,278.49999999999363,5123
IH0000,2021,8,237.60000000001855,5091,527.0000000000223,5082,542.8000000000216,4924,168.7000000000112,3282,381.2000000000007,5091
IC0000,2021,9,374.40000000005875,4685,525.9999999999718,4680,267.0000000000373,4578,-253.69999999998163,3469,-542.8999999999587,4685
IF0000,2021,9,483.00000000001,4644,756.9000000000115,4644,560.4999999999845,4633,127.10000000009131,4274,179.699999999978,4644
IH0000,2021,9,315.4000000000451,4649,526.5000000000332,4644,363.60000000001446,4541,54.100000000034925,3125,319.80000000002156,4649
IC0000,2021,10,-123.69999999998345,3740,-68.49999999996271,3703,-408.99999999994816,3308,-659.899999999976,1425,-553.1999999999543,3740
IF0000,2021,10,-43.19999999999982,3707,-66.40000000006421,3574,-128.900000000026,3052,-360.29999999998927,1304,-210.00000000003365,3708
IH0000,2021,10,-64.49999999998226,3680,-57.09999999998672,3408,-107.29999999996198,2804,-215.69999999998663,1303,-140.19999999997754,3688
IC0000,2021,11,244.9000000000433,5125,304.79999999998927,5080,184.70000000005803,4699,-265.799999999992,2511,34.70000000003347,5125
IF0000,2021,11,76.30000000000746,5090,297.90000000002055,4982,226.40000000002328,4482,-6.700000000016189,2494,295.09999999999854,5090
IH0000,2021,11,70.70000000000891,5044,247.49999999998408,4866,107.29999999997744,4198,5.999999999990905,2034,343.3999999999928,5048
IC0000,2021,12,476.39999999998327,5348,358.9999999999627,5186,96.89999999997235,4520,-353.9999999999636,2339,-259.10000000004584,5351
IF0000,2021,12,324.1000000000031,5325,524.5000000000018,5307,318.1999999999416,5142,-150.20000000004075,3612,5.90000000001146,5325
IH0000,2021,12,444.39999999999736,5292,593.0,5258,435.80000000000746,4835,13.899999999980537,2520,212.50000000000227,5292
IC0000,2022,1,-190.70000000000528,4433,-632.0000000000018,4381,-1198.3000000000138,3991,-1137.2999999999947,1902,-1111.099999999994,4434
IF0000,2022,1,175.40000000000146,4411,-23.799999999980173,4361,-328.8000000000111,3986,-604.6999999999834,2285,-404.89999999999964,4412
IH0000,2022,1,46.70000000004302,4380,-76.39999999996417,4171,-231.69999999997708,3459,-354.29999999998154,1598,-161.79999999996244,4385
IC0000,2022,2,136.00000000007185,3739,124.90000000002146,3737,150.5999999999931,3688,-70.09999999994761,2608,219.9000000000351,3739
IF0000,2022,2,-59.19999999999618,3729,-210.00000000002,3722,-301.19999999998345,3642,-360.0999999999858,2540,-278.00000000004184,3729
IH0000,2022,2,-27.69999999999709,3670,-63.60000000001901,3583,-200.90000000002647,3047,-252.300000000002,1248,-98.80000000001928,3673
IC0000,2022,3,585.4999999999172,5387,1120.299999999901,5383,1193.3999999999842,5292,531.9999999999745,4018,1177.7999999999374,5387
IF0000,2022,3,657.8999999999828,5368,1085.700000000038,5368,1157.6999999999239,5366,737.8999999999342,5084,860.3999999999633,5368
IH0000,2022,3,352.10000000002674,5337,661.4999999999964,5324,696.8999999999933,5174,229.00000000000318,3567,501.89999999998054,5337
IC0000,2022,4,1090.1000000000276,4464,1937.3000000000047,4463,1684.0999999999613,4416,597.2999999999956,3432,683.7000000000507,4464
IF0000,2022,4,703.8999999999401,4438,1153.5999999999872,4437,1164.1999999999457,4417,675.0999999999894,3836,795.5999999999694,4438
IH0000,2022,4,469.1999999999939,4407,605.1999999999853,4357,465.20000000000846,4040,130.5000000000041,2433,418.50000000000364,4408
IC0000,2022,5,852.6999999999289,4451,1476.49999999992,4451,1364.7999999999092,4448,882.5999999999403,4169,775.1999999999107,4451
IF0000,2022,5,551.9999999999968,4435,817.7999999999979,4432,840.3999999999919,4414,638.8999999999864,3864,663.0999999999917,4435
IH0000,2022,5,272.2999999999947,4374,404.1000000000213,4324,267.0000000000209,3943,43.299999999986085,1995,364.20000000001664,4375
IC0000,2022,6,492.50000000005093,4920,746.0999999999731,4920,541.1000000000422,4915,-90.60000000003947,4528,-183.19999999996253,4920
IF0000,2022,6,461.0000000000132,4895,700.3000000000407,4895,685.8000000000352,4893,420.4000000000424,4723,274.9000000000524,4895
IH0000,2022,6,273.49999999998045,4859,426.7000000000053,4859,400.3000000000038,4800,161.5999999999981,3555,348.8000000000079,4859
IC0000,2022,7,-65.39999999995325,4916,357.10000000003765,4914,207.0000000000182,4872,-326.20000000000346,3478,92.29999999998927,4916
IF0000,2022,7,-167.39999999995507,4890,24.600000000085856,4880,-10.499999999970896,4744,-398.89999999993233,3363,-167.39999999999418,4890
IH0000,2022,7,-69.89999999995916,4843,10.200000000037107,4707,-108.29999999996744,4171,-344.9999999999982,2202,-108.0999999999608,4845
IM0000,2022,7,-240.80000000001382,1409,-152.700000000018,1397,-237.20000000004075,1275,-295.20000000002256,607,-237.10000000001764,1409
IC0000,2022,8,-50.800000000010186,5381,613.9000000000187,5376,603.1000000000313,5306,132.39999999999418,4154,459.99999999999545,5381
IF0000,2022,8,127.99999999998863,5307,405.2000000000485,5284,277.1000000000545,5078,15.900000000013733,3415,314.10000000000355,5307
IH0000,2022,8,129.49999999999227,5239,84.40000000001055,4985,-7.4999999999936335,4195,-138.49999999999,1867,188.89999999998963,5244
IM0000,2022,8,52.30000000000473,5382,471.7000000000189,5356,382.70000000005075,5068,-450.69999999995434,3185,32.60000000002128,5382
IC0000,2022,9,422.1000000000804,4907,588.9000000001015,4906,333.00000000002274,4840,38.800000000067485,3582,137.60000000009313,4907
IF0000,2022,9,185.4000000000333,4861,178.20000000001573,4861,97.80000000000564,4840,-236.39999999998236,4041,-36.49999999997999,4861
IH0000,2022,9,168.00000000003683,4806,88.900000000001,4776,-15.49999999998954,4488,-195.899999999996,2343,61.90000000002374,4806
IM0000,2022,9,568.7999999999483,4903,1015.2000000000371,4897,857.9999999999982,4833,403.899999999996,3568,835.399999999956,4903
IC0000,2022,10,557.1000000000313,3744,539.6000000000458,3743,448.50000000001273,3701,319.2000000000253,2693,642.6000000000231,3744
IF0000,2022,10,39.09999999997672,3718,106.19999999999482,3713,-72.79999999999654,3621,-139.49999999999136,2462,203.49999999999727,3718
IH0000,2022,10,-5.000000000037289,3714,5.399999999987813,3678,-53.80000000000928,3372,-255.80000000001291,1776,54.49999999997863,3715
IM0000,2022,10,673.800000000083,3756,1309.7000000000626,3752,1252.1000000000877,3688,701.8000000000602,2899,1029.6000000000595,3756
IC0000,2022,11,-142.599999999974,5145,90.30000000002929,5145,169.10000000001946,5126,-121.5999999999558,4197,-25.10000000000673,5145
IF0000,2022,11,234.09999999997262,5128,346.699999999993,5127,324.6999999999939,5085,75.99999999998681,4182,210.69999999999163,5128
IH0000,2022,11,260.4000000000033,5099,373.8999999999987,5073,377.3000000000002,4894,125.69999999998117,3193,365.3000000000143,5099
IM0000,2022,11,-43.69999999999436,5140,85.90000000000873,5138,111.39999999999327,5072,-313.0999999999849,3837,-326.8999999999887,5140
IC0000,2022,12,-234.39999999998963,5111,-13.500000000011823,5050,-33.90000000002692,4668,-157.09999999995307,2740,19.49999999996544,5111
IF0000,2022,12,-32.299999999986994,5084,124.10000000001992,5080,144.10000000002037,5041,-118.89999999996871,4183,-17.699999999993906,5084
IH0000,2022,12,68.80000000002428,5028,120.10000000001492,5024,104.9000000000101,4929,-181.49999999998863,3341,-58.29999999996471,5029
IM0000,2022,12,-119.80000000004111,5121,204.29999999999563,5098,82.99999999998545,4825,-522.7000000000062,2858,-26.299999999975626,5121
IC0000,2023,1,14.700000000003456,3708,-41.09999999999218,3655,-106.69999999996799,3223,-276.7999999999929,1107,-65.09999999999127,3710
IF0000,2023,1,59.00000000000682,3706,98.79999999998654,3697,64.89999999998099,3464,-159.49999999999272,1974,48.19999999997208,3706
IH0000,2023,1,49.100000000023556,3650,90.00000000002228,3590,32.60000000001355,3182,-78.2999999999929,1462,103.70000000002574,3650
IM0000,2023,1,-128.8999999999669,3725,-127.49999999993724,3565,-293.299999999992,2896,-343.0000000000273,1020,-184.49999999997453,3729
IC0000,2023,2,88.59999999996853,4680,529.2000000000571,4679,284.50000000003183,4641,-393.30000000002474,3385,-126.29999999997926,4680
IF0000,2023,2,134.59999999999445,4640,288.400000000006,4633,154.4999999999559,4536,-163.8000000000202,3197,-23.200000000009368,4640
IH0000,2023,2,102.00000000000637,4586,185.80000000001928,4541,121.29999999999745,4098,33.10000000002492,2274,173.50000000000455,4586
IM0000,2023,2,71.19999999996617,4669,616.3999999999833,4655,216.200000000028,4448,-348.10000000000764,2718,59.29999999997017,4669
IC0000,2023,3,350.2999999999647,5362,487.3000000000384,5316,343.7000000000053,4941,126.39999999998417,2995,319.7999999999647,5362
IF0000,2023,3,201.60000000001855,5307,359.30000000000246,5277,314.59999999999263,5016,85.10000000000082,3211,360.9000000000383,5307
IH0000,2023,3,166.90000000000055,5239,196.2000000000089,5217,230.00000000002183,5042,-5.599999999978081,3070,248.00000000003502,5249
IM0000,2023,3,305.0000000000364,5359,435.00000000004366,5288,407.40000000005057,4876,58.899999999999636,2780,199.90000000004056,5360
IC0000,2023,4,-38.999999999939064,4409,309.50000000008004,4360,302.9000000000906,3887,-17.799999999963802,1434,368.6000000000995,4409
IF0000,2023,4,194.8000000000452,4354,326.3000000000243,4285,219.00000000002092,3742,-64.39999999998417,1344,256.50000000003274,4355
IH0000,2023,4,100.8999999999769,4292,203.39999999997872,4102,160.79999999999882,3291,-53.500000000001364,1180,246.20000000000482,4295
IM0000,2023,4,39.30000000001564,4432,519.699999999988,4312,590.99999999999,3733,115.20000000002346,1322,744.7000000000162,4433
IC0000,2023,5,183.59999999999673,4661,486.4000000000642,4651,483.5000000000591,4548,100.60000000000309,3327,407.1999999999989,4661
IF0000,2023,5,99.69999999997935,4617,288.9999999999777,4605,196.50000000001137,4456,19.900000000010095,3232,295.199999999983,4617
IH0000,2023,5,31.59999999999809,4580,82.80000000000427,4499,59.70000000002983,4058,-87.39999999998145,2269,105.10000000002947,4584
IM0000,2023,5,151.7999999999529,4649,458.59999999991123,4626,369.99999999992906,4432,-79.20000000002528,2908,288.89999999989686,4650
IC0000,2023,6,206.30000000003838,4642,462.40000000005057,4629,292.70000000004893,4417,63.200000000058935,2599,188.90000000002146,4642
IF0000,2023,6,38.599999999988995,4600,71.60000000001355,4584,-27.79999999998472,4361,-164.39999999999736,2716,-29.800000000005184,4600
IH0000,2023,6,-1.5999999999762622,4535,40.10000000000855,4493,-6.399999999994634,4221,-136.79999999998472,2411,9.699999999989814,4535
IM0000,2023,6,127.3999999999196,4655,390.99999999996544,4608,257.09999999996217,4292,-72.80000000002474,2282,-12.899999999988722,4655
IC0000,2023,8,374.09999999998126,4431,472.3000000000029,4430,304.5999999999931,4359,165.3999999999478,3352,449.699999999968,4431
IF0000,2023,8,397.40000000001373,4401,575.100000000004,4398,534.2999999999861,4354,230.90000000001146,3602,479.9000000000019,4401
IH0000,2023,8,283.20000000002346,4368,435.90000000000055,4341,405.80000000002656,4145,169.10000000001446,2670,453.2000000000148,4369
IM0000,2023,8,500.30000000002565,4439,695.9000000000224,4422,419.8000000000493,4274,91.70000000004075,3161,393.7000000000371,4439
IC0000,2023,9,217.7999999999838,4650,259.2000000000389,4579,174.60000000004675,4210,-193.39999999997872,2519,97.00000000001364,4651
IF0000,2023,9,183.50000000002365,4604,74.80000000001519,4561,-25.799999999986085,4195,-172.49999999999545,2743,-63.19999999995571,4604
IH0000,2023,9,167.19999999999482,4502,101.69999999998754,4276,-41.29999999999109,3560,-104.00000000000409,1610,71.09999999998945,4504
IM0000,2023,9,292.300000000012,4657,317.600000000004,4596,240.90000000003874,4266,-193.29999999999745,2479,114.89999999998145,4657
IC0000,2023,10,-189.19999999993888,3944,-270.3999999999296,3883,-353.9999999999909,3490,-401.59999999996853,1612,-282.69999999995616,3944
IF0000,2023,10,-111.3999999999669,3897,-158.99999999998226,3868,-235.49999999999636,3640,-297.79999999999154,1887,-276.9999999999718,3897
IH0000,2023,10,-84.20000000001346,3854,-62.20000000001346,3646,-108.60000000002992,2862,-118.40000000000782,951,-80.70000000001619,3857
IM0000,2023,10,-50.39999999998054,3954,123.30000000004293,3927,-112.29999999995016,3629,-183.7999999999629,1677,-61.9999999999809,3954
IC0000,2023,11,105.69999999995707,5108,332.5999999999667,5093,217.89999999993051,4930,152.99999999998818,3477,306.49999999996453,5108
IF0000,2023,11,121.39999999997463,5037,168.09999999998627,5022,126.9999999999909,4887,-61.30000000001746,3382,110.79999999997335,5037
IH0000,2023,11,50.00000000002183,4953,81.40000000000146,4822,14.700000000008004,4220,-141.6999999999921,2007,51.49999999997999,4955
IM0000,2023,11,188.50000000000637,5121,471.1000000000049,5119,477.19999999997617,4970,137.50000000001728,3470,358.4999999999827,5121
IC0000,2023,12,552.5000000000236,4889,786.2000000000025,4884,750.5000000000055,4800,554.4999999999682,3792,810.2000000000053,4889
IF0000,2023,12,244.69999999998663,4849,352.0999999999658,4849,361.9999999999932,4833,251.29999999997062,4279,312.59999999999127,4849
IH0000,2023,12,161.19999999997754,4760,242.9999999999759,4751,181.59999999998809,4635,4.099999999999454,2963,201.399999999986,4760
IM0000,2023,12,618.4999999999764,4906,877.1000000000458,4889,874.9999999999864,4733,445.1000000000113,2992,801.6999999999844,4906
IC0000,2024,1,429.19999999996253,5131,330.6999999999689,5124,235.69999999996526,5020,-169.40000000007967,3713,-156.9000000000433,5131
IF0000,2024,1,221.9000000000292,5112,229.10000000003356,5111,183.00000000002183,4977,-84.99999999997954,3543,88.70000000001073,5112
IH0000,2024,1,164.90000000002328,5038,123.49999999998727,5013,-20.89999999999509,4726,-173.79999999998608,2630,30.800000000035197,5038
IM0000,2024,1,789.1999999999744,5145,912.5000000000564,5136,833.5000000000164,5059,427.3000000000102,3913,520.7999999999756,5145
IC0000,2024,2,804.5000000000091,3523,1486.8000000000093,3523,1616.0999999999985,3523,1651.6999999999962,3501,1413.7000000000116,3523
IF0000,2024,2,224.59999999999536,3480,452.0999999999922,3480,464.900000000011,3480,333.40000000001373,3356,348.19999999998936,3480
IH0000,2024,2,97.50000000000728,3456,138.19999999999072,3456,157.20000000000573,3438,78.90000000002055,2745,188.5999999999981,3456
IM0000,2024,2,1340.2000000000621,3527,1910.5000000000337,3527,2054.5000000000164,3527,2227.4000000000306,3526,1977.9000000000538,3527
IC0000,2024,3,422.2999999999802,4904,638.0000000000009,4904,620.599999999984,4886,445.2999999999829,4141,785.1999999999935,4904
IF0000,2024,3,121.80000000002656,4829,220.7000000000303,4819,178.00000000001728,4675,-20.59999999998081,3135,357.50000000002956,4829
IH0000,2024,3,108.40000000000691,4762,203.90000000000055,4712,134.70000000000073,4359,-68.70000000001392,2277,328.5000000000191,4762
IM0000,2024,3,685.9000000000324,4921,1033.8000000000138,4921,1014.4000000000506,4915,955.9000000000578,4631,1124.6000000000004,4921
IC0000,2024,4,-253.59999999991578,4674,-211.99999999998363,4674,-334.19999999996526,4641,-576.6999999999734,3768,-357.899999999986,4674
IF0000,2024,4,-15.299999999998363,4607,105.40000000000146,4600,71.30000000002883,4458,-134.59999999998445,2559,113.70000000000755,4607
IH0000,2024,4,-1.8999999999887223,4497,29.300000000000637,4371,-44.500000000001364,3657,-40.09999999998854,1273,113.39999999998554,4498
IM0000,2024,4,-200.60000000000673,4670,120.29999999997926,4670,314.29999999999745,4669,370.5000000000109,4437,505.4000000000151,4670
IC0000,2024,5,-59.50000000000637,4640,27.300000000026557,4639,-108.80000000004202,4608,-413.600000000004,3523,-305.0000000000309,4640
IF0000,2024,5,21.700000000000273,4584,67.69999999998254,4579,69.70000000001573,4460,-86.80000000001291,3111,74.40000000000737,4584
IH0000,2024,5,24.899999999961437,4471,26.700000000022555,4334,-6.500000000022737,3695,-90.60000000002356,1603,77.29999999994834,4472
IM0000,2024,5,87.79999999998472,4677,469.99999999997726,4677,466.79999999998563,4676,394.00000000000364,4426,258.8999999999569,4677
IC0000,2024,6,14.80000000003838,4419,127.50000000001728,4419,223.00000000003183,4397,-17.80000000002201,3605,92.99999999994452,4419
IF0000,2024,6,16.40000000003056,4347,15.100000000033106,4347,108.90000000001692,4274,-46.59999999999445,2861,109.80000000001974,4347
IH0000,2024,6,7.600000000010823,4260,-12.200000000014825,4195,-14.799999999970623,3702,-59.10000000000991,1708,33.600000000014916,4260
IM0000,2024,6,276.4999999999927,4442,605.8000000000575,4442,848.4000000000406,4439,692.2000000000435,4178,558.0000000000609,4442
IC0000,2024,7,307.9000000000033,5338,322.1000000000113,5329,349.2000000000198,5175,-124.89999999999509,3428,202.1000000000131,5338
IF0000,2024,7,191.40000000003465,5227,138.70000000003847,5198,69.40000000002601,4906,-116.29999999999518,2521,119.2000000000412,5227
IH0000,2024,7,87.80000000000427,5117,41.100000000015825,4770,-7.4000000000010004,3693,-105.29999999999609,1285,78.30000000000155,5132
IM0000,2024,7,273.3000000000293,5371,782.400000000056,5371,887.4000000000051,5361,446.0000000000582,4732,564.3000000000629,5371
IC0000,2024,8,249.299999999982,5122,346.6000000000231,5122,227.30000000008204,5048,-251.29999999996016,3742,53.90000000007058,5122
IF0000,2024,8,58.50000000000273,5017,117.00000000000546,5010,37.40000000001055,4867,-188.9000000000051,3179,61.000000000029104,5017
IH0000,2024,8,-15.899999999999636,4861,-54.399999999977354,4662,-89.79999999999245,3839,-206.10000000002083,1704,-92.19999999996526,4863
IM0000,2024,8,404.8000000000593,5107,772.5000000000691,5107,908.5000000000728,5103,483.50000000004275,4667,437.20000000004165,5107
IC0000,2024,9,4013.4000000000187,4343,7481.999999999995,4342,4357.400000000009,4305,9727.699999999999,3561,6762.999999999998,4343
IF0000,2024,9,2786.000000000019,4345,3096.699999999996,4343,3206.400000000009,4289,2994.8000000000065,3278,1045.2999999999993,4345
IH0000,2024,9,532.2999999999993,4286,823.5000000000041,4161,806.4000000000183,3710,702.0000000000041,2191,759.4999999999986,4289
IM0000,2024,9,4198.999999999987,4343,10481.000000000004,4343,10577.59999999997,4336,18920.799999999996,4057,12737.799999999957,4343
IC0000,2024,10,1314.1000000000395,4226,2147.5000000000455,4226,2377.6999999999944,4226,2417.100000000054,4179,2335.900000000076,4226
IF0000,2024,10,830.0000000000146,4215,1035.8999999999974,4215,1278.9000000000265,4215,1546.8999999999937,4156,1554.899999999987,4215
IH0000,2024,10,679.9999999999977,4182,801.1999999999775,4182,1049.3000000000143,4166,1049.800000000011,3534,1097.3000000000065,4182
IM0000,2024,10,1879.000000000029,4195,2730.700000000037,4195,6108.800000000053,4195,12153.800000000008,4193,8681.400000000109,4195
IC0000,2024,11,1072.2000000000216,4922,1494.6999999999362,4922,1192.7000000000098,4922,307.10000000001946,4798,92.49999999998454,4922
IF0000,2024,11,585.400000000051,4894,892.000000000005,4894,748.4000000000719,4894,556.2000000000148,4764,351.00000000003365,4894
IH0000,2024,11,230.49999999997453,4856,449.20000000001164,4856,413.5000000000141,4849,229.69999999996844,4287,273.7999999999979,4856
IM0000,2024,11,1626.3000000000657,4926,2273.100000000083,4926,2054.7000000001017,4926,1071.2000000000398,4831,605.7000000000353,4926
IC0000,2024,12,-423.3999999999787,3971,49.700000000039836,3970,62.60000000002401,3952,-227.09999999999764,3543,1.1000000000212822,3971
IF0000,2024,12,-153.69999999997708,3943,85.00000000000364,3943,87.50000000000546,3938,-15.49999999996271,3526,96.60000000001719,3943
IH0000,2024,12,-167.19999999999482,3888,-70.00000000000819,3871,-38.80000000000109,3700,-161.60000000000036,2263,33.800000000003365,3888
IM0000,2024,12,-423.899999999966,3975,313.40000000006876,3975,323.600000000014,3975,-6.899999999925058,3950,137.00000000003456,3975
IC0000,2025,1,-68.39999999999418,4208,1.499999999987267,4208,3.6000000000012733,4203,-439.09999999997854,3972,-271.3999999999942,4208
IF0000,2025,1,137.70000000005848,4161,152.6000000000563,4161,143.2000000000553,4160,-58.99999999994088,3930,-1.599999999982174,4161
IH0000,2025,1,80.00000000004093,4131,138.10000000003265,4122,184.10000000001992,4020,-8.500000000001364,2696,190.20000000003165,4131
IM0000,2025,1,-130.60000000001673,4216,269.0000000000282,4216,104.29999999999472,4216,-323.1000000000149,4214,-452.300000000012,4216
IC0000,2025,2,186.69999999996253,3970,527.5000000000264,3970,557.8000000000065,3970,445.3999999999887,3917,453.99999999999727,3970
IF0000,2025,2,133.50000000001364,3941,258.900000000016,3941,320.9999999999818,3940,246.60000000001128,3861,247.90000000001737,3941
IH0000,2025,2,47.999999999991815,3885,171.7000000000121,3883,209.19999999998845,3839,40.60000000000264,2960,178.600000000019,3885
IM0000,2025,2,267.40000000002965,3981,876.9000000000269,3981,972.4999999999745,3981,767.3000000000229,3979,672.5000000000373,3981
IC0000,2025,3,306.40000000000964,4899,325.80000000003747,4899,208.1000000000122,4898,2.800000000016553,4693,-28.799999999990177,4899
IF0000,2025,3,276.300000000017,4855,333.89999999999236,4855,236.59999999999764,4851,183.500000000015,4578,190.6999999999589,4855
IH0000,2025,3,86.69999999996799,4772,159.6999999999507,4766,126.3999999999628,4678,45.79999999998017,3178,156.29999999996744,4772
IM0000,2025,3,268.3000000000184,4917,713.900000000016,4917,562.5999999999758,4917,248.80000000001564,4908,155.00000000007185,4917
IC0000,2025,4,-184.29999999997472,4831,-5097.8999999999005,4831,-5390.899999999991,4821,-5883.700000000012,4362,-3037.1000000000286,4831
IF0000,2025,4,1803.8999999999835,4780,5311.599999999976,4780,3323.1999999999857,4760,4789.700000000008,3981,4934.400000000027,4780
IH0000,2025,4,60.400000000004184,4732,92.39999999998008,4688,-141.50000000002956,4366,-316.9000000000242,2648,-141.40000000002556,4732
IM0000,2025,4,-115.00000000001182,4825,257.10000000000764,4825,116.50000000004366,4825,-260.19999999996435,4792,-2637.5999999999285,4825
IC0000,2025,5,90.39999999999054,4421,176.90000000002146,4421,-203.10000000003402,4419,-494.9000000000051,4024,-468.1000000000122,4421
IF0000,2025,5,86.89999999998054,4340,-27.200000000003,4340,-193.600000000024,4334,-334.80000000002565,3640,-193.6000000000363,4340
IH0000,2025,5,-22.49999999999909,4244,-65.89999999997372,4200,-156.59999999999036,3808,-159.59999999998217,2034,-72.79999999998881,4244
IM0000,2025,5,115.5000000000573,4422,595.7000000000289,4422,189.70000000000618,4422,-132.6999999999789,4398,-162.49999999999272,4422
IC0000,2025,6,21.1999999999598,4640,-333.99999999998545,4637,-397.50000000001546,4603,-460.29999999996835,3544,-297.5999999999549,4640
IF0000,2025,6,-15.099999999996726,4552,-55.20000000000982,4552,-33.20000000002301,4534,-106.79999999999882,3520,75.4999999999909,4552
IH0000,2025,6,-57.60000000000264,4454,-7.275957614183426e-12,4386,-26.399999999988722,3957,-68.99999999998909,1928,85.40000000002101,4454
IM0000,2025,6,-8.799999999983811,4658,-237.99999999997908,4658,-359.29999999994106,4658,-276.59999999991487,4591,-146.09999999996217,4658
IC0000,2025,7,-25.80000000000564,4196,110.9000000000151,4192,-48.29999999994834,4147,-211.4999999999809,3429,14.900000000015098,4196
IF0000,2025,7,-19.299999999980173,4165,47.200000000032105,4164,-38.89999999998099,4133,-88.19999999997435,3480,40.90000000001055,4165
IH0000,2025,7,-2.700000000001637,4099,7.099999999977626,4053,-21.00000000001546,3761,-123.50000000000227,2350,39.999999999979536,4100
IM0000,2025,7,213.50000000004457,4187,350.8000000000093,4187,219.09999999999218,4187,234.10000000002128,4132,234.9999999999718,4187
IC0000,2025,8,343.9000000000233,4430,372.59999999998763,4430,50.90000000002328,4428,-81.89999999995416,4232,-89.70000000000982,4430
IF0000,2025,8,210.1000000000663,4391,197.10000000007358,4391,-11.599999999969896,4388,-100.39999999995325,4130,-29.79999999992242,4391
IH0000,2025,8,62.50000000000455,4342,22.399999999994634,4334,-40.700000000015734,4211,-79.39999999998236,3112,14.600000000009004,4342
IM0000,2025,8,366.70000000003256,4458,352.70000000003347,4458,97.90000000002692,4458,19.700000000025284,4447,-3.0999999999612555,4458
IC0000,2025,9,-240.69999999998254,5155,59.900000000021464,5155,-110.9999999999618,5155,-136.39999999995507,5129,108.099999999994,5155
IF0000,2025,9,3.30000000000382,5135,151.70000000000255,5135,10.400000000043292,5135,35.80000000000382,5103,179.00000000005093,5135
IH0000,2025,9,80.09999999998354,5043,155.8000000000079,5042,152.19999999999936,5007,-9.600000000004911,3906,130.299999999982,5043
IM0000,2025,9,-71.19999999994798,5158,79.20000000006985,5158,48.5000000000382,5158,-297.6999999999125,5157,-7.0999999999667125,5158
IC0000,2025,10,-123.30000000000109,3986,367.40000000001965,3986,272.50000000002,3986,342.60000000002674,3955,302.2000000000244,3986
IF0000,2025,10,-116.79999999998745,3971,31.600000000021282,3971,-72.09999999997581,3971,-52.599999999945794,3938,22.200000000008913,3971
IH0000,2025,10,67.10000000000628,3909,47.70000000002938,3909,36.60000000000764,3898,-4.499999999983629,3113,72.600000000014,3909
IM0000,2025,10,-153.2999999999911,3985,407.4999999999918,3985,131.3000000000211,3985,288.40000000002055,3983,219.59999999998308,3985
IC0000,2025,11,791.0999999999622,4686,965.2000000000298,4686,392.39999999992506,4686,136.19999999996708,4654,169.39999999998145,4686
IF0000,2025,11,255.0000000001046,4649,395.1000000000304,4649,168.60000000004038,4649,139.20000000001073,4570,106.29999999996926,4649
IH0000,2025,11,97.90000000001692,4584,59.99999999997317,4584,16.400000000028285,4534,-96.39999999998463,3239,-23.70000000002392,4584
IM0000,2025,11,647.399999999996,4689,811.6999999999789,4689,314.4999999999736,4689,250.99999999997635,4683,182.5000000000291,4689
IC0000,2025,12,497.9999999999827,5375,394.80000000003656,5375,373.90000000002783,5373,319.80000000006567,5177,607.0000000000573,5375
IF0000,2025,12,129.3000000000102,5328,206.2000000000071,5328,103.89999999999418,5326,105.49999999998818,5042,320.00000000003,5328
IH0000,2025,12,13.399999999986903,5212,-4.29999999999518,5204,-14.299999999990177,5052,-91.99999999997726,2921,101.80000000003292,5212
IM0000,2025,12,478.60000000006585,5373,580.8000000000848,5373,492.10000000004493,5373,301.80000000000655,5325,449.9000000000178,5373
IC0000,2026,1,681.9000000000051,3988,923.3999999999833,3988,609.4999999999936,3988,745.9999999999636,3984,1173.0999999999922,3988
IF0000,2026,1,61.200000000023465,3959,70.60000000001037,3959,-70.79999999996198,3959,-84.99999999993906,3901,72.29999999999563,3959
IH0000,2026,1,21.69999999999027,3917,-43.69999999997526,3916,-74.09999999997262,3877,-179.49999999997772,2832,33.50000000001455,3917
IM0000,2026,1,772.3999999999533,3983,784.2000000000817,3983,668.3000000000084,3983,757.3000000000602,3982,1219.900000000006,3983
IC0000,2026,2,228.89999999992415,3275,186.5999999999931,3275,79.79999999995016,3275,-87.50000000004638,3197,-202.10000000008222,3275
IF0000,2026,2,29.900000000061482,3231,5.400000000036016,3231,-126.69999999997253,3229,-294.59999999994125,2890,-364.89999999995416,3231
IH0000,2026,2,-20.40000000000009,3196,-78.90000000000737,3186,-92.19999999999618,3038,-93.80000000000791,1818,-122.39999999999554,3196
IM0000,2026,2,165.300000000022,3281,-39.99999999997726,3281,-65.89999999998872,3281,-154.10000000002583,3265,-261.1000000000204,3281
IC0000,2026,3,972.900000000107,5168,1097.8000000000138,5168,1535.300000000082,5167,1524.2000000000444,5035,1238.5000000000455,5168
IF0000,2026,3,270.99999999994634,5124,137.8999999998914,5124,217.89999999997872,5122,306.2999999999847,4818,328.59999999999127,5124
IH0000,2026,3,-9.500000000028649,5051,-41.70000000003529,5044,14.599999999986267,4893,-16.399999999997817,3049,199.199999999993,5051
IM0000,2026,3,1397.6999999999907,5169,1804.700000000017,5169,2374.2999999999856,5169,2558.300000000013,5124,2347.1000000000286,5169
IC0000,2026,4,1083.399999999955,4448,1299.7999999999856,4448,1183.6000000000422,4448,922.7000000000116,4371,807.7999999999838,4448
IF0000,2026,4,290.00000000003183,4399,326.2000000000344,4399,258.700000000058,4397,85.80000000000109,3942,201.40000000007876,4399
IH0000,2026,4,98.6000000000131,4308,97.49999999999136,4287,25.200000000010732,4013,-138.10000000000173,1830,-8.200000000019827,4308
IM0000,2026,4,1279.3000000000638,4441,1596.800000000062,4441,1510.1000000000558,4441,1393.2000000000035,4427,1178.6000000000668,4441
IC0000,2026,5,817.3999999999414,3280,396.899999999996,3280,54.49999999994543,3280,-242.90000000006148,3261,-469.700000000028,3280
IF0000,2026,5,134.69999999998709,3265,47.999999999972715,3265,-117.3000000000211,3265,-213.00000000001637,3186,-187.200000000018,3265
IH0000,2026,5,25.5000000000191,3187,-85.299999999992,3186,-140.50000000001546,3142,-172.1000000000049,2223,-65.199999999998,3187
IM0000,2026,5,1072.9999999998872,3283,631.0999999999149,3283,257.5999999999185,3283,-262.1000000001277,3283,-352.10000000020955,3283
